scenario,region,district,festivalType,venueType,durationDays,planningYear,requestedPolicy,appliedPolicy,referenceYearFrom,referenceYearTo,earliestSourceYear,latestSourceYear,sampleCount,distinctYearsUsed,effectiveYearCount,fallbackLevel,estimatedBudget,weightedAverage,recommendedBudget,p25,p50,p75,averageSimilarity,dataQualityV3,yearWeightBreakdown
A,SEOUL,,CULTURE_ART,VILLAGE,2,2026,HISTORICAL_ONLY,HISTORICAL_ONLY,2017,2025,2017,2025,50,6,5.587405293042295,SAME_REGION_TYPE,136441530,237368026,214697758,45000000,128219821,400000000,0.9372254390176351,82.819526516407,2017:10:0.199523981223776|2018:7:0.13826134146766633|2019:9:0.18012153999273717|2020:9:0.18012153999273717|2021:11:0.2201485488800121|2025:4:0.08182304844307128
B,SEOUL,,CULTURE_ART,VILLAGE,2,2026,INCLUDE_PUBLISHED_SAME_YEAR,HISTORICAL_ONLY,2017,2025,2017,2025,50,6,5.587405293042295,SAME_REGION_TYPE,136441530,237368026,214697758,45000000,128219821,400000000,0.9372254390176351,82.819526516407,2017:10:0.199523981223776|2018:7:0.13826134146766633|2019:9:0.18012153999273717|2020:9:0.18012153999273717|2021:11:0.2201485488800121|2025:4:0.08182304844307128
C,SEOUL,,CULTURE_ART,VILLAGE,2,2026,INCLUDE_PUBLISHED_SAME_YEAR,INCLUDE_PUBLISHED_SAME_YEAR,2017,2026,2017,2026,50,7,6.456427335292178,SAME_REGION_TYPE,119751911,190407137,200858705,42087702,128648965,279625152,0.9392219526930113,83.71331833805729,2017:9:0.17934941602683974|2018:4:0.07971085156748435|2019:9:0.17934941602683974|2020:9:0.17934941602683974|2021:8:0.15942170313496867|2025:4:0.0814722989620918|2026:7:0.1413468982549361
D,SEOUL,,CULTURE_ART,VILLAGE,2,2027,HISTORICAL_ONLY,HISTORICAL_ONLY,2017,2026,2017,2026,50,7,6.456427335292178,SAME_REGION_TYPE,119751911,190407137,200858705,42087702,128648965,279625152,0.9392219526930113,83.71331833805729,2017:9:0.17934941602683974|2018:4:0.07971085156748435|2019:9:0.17934941602683974|2020:9:0.17934941602683974|2021:8:0.15942170313496867|2025:4:0.0814722989620918|2026:7:0.1413468982549361
A,SEOUL,,NATURE_ECOLOGY,GREEN,7,2026,HISTORICAL_ONLY,HISTORICAL_ONLY,2017,2025,2017,2025,50,9,5.845367441778211,GLOBAL_SIMILARITY,133939761,231573806,236255829,65084285,132130815,260000000,0.8850891849830196,74.40128784742213,2017:2:0.04127914450766256|2018:5:0.1102151840440587|2019:3:0.06582402016967746|2020:2:0.04447520986192449|2021:4:0.08645359306772114|2022:3:0.06612911042643523|2023:5:0.1102151840440587|2024:7:0.15430125766168218|2025:19:0.32110729621677997
B,SEOUL,,NATURE_ECOLOGY,GREEN,7,2026,INCLUDE_PUBLISHED_SAME_YEAR,HISTORICAL_ONLY,2017,2025,2017,2025,50,9,5.845367441778211,GLOBAL_SIMILARITY,133939761,231573806,236255829,65084285,132130815,260000000,0.8850891849830196,74.40128784742213,2017:2:0.04127914450766256|2018:5:0.1102151840440587|2019:3:0.06582402016967746|2020:2:0.04447520986192449|2021:4:0.08645359306772114|2022:3:0.06612911042643523|2023:5:0.1102151840440587|2024:7:0.15430125766168218|2025:19:0.32110729621677997
C,SEOUL,,NATURE_ECOLOGY,GREEN,7,2026,INCLUDE_PUBLISHED_SAME_YEAR,INCLUDE_PUBLISHED_SAME_YEAR,2017,2026,2017,2026,50,10,7.6190893805961935,SAME_REGION_TYPE,165039332,277608235,261723961,70000000,171828438,299609855,0.8916570621798895,76.26906483864235,2017:1:0.020604673254109456|2018:5:0.10837434979150273|2019:3:0.0647246152916632|2020:2:0.04373237673585796|2021:3:0.06502460987490165|2022:3:0.06502460987490165|2023:5:0.10837434979150273|2024:7:0.1517240897081038|2025:10:0.17190129282888306|2026:11:0.20051503284857405
D,SEOUL,,NATURE_ECOLOGY,GREEN,7,2027,HISTORICAL_ONLY,HISTORICAL_ONLY,2017,2026,2017,2026,50,10,7.6190893805961935,SAME_REGION_TYPE,165039332,277608235,261723961,70000000,171828438,299609855,0.8916570621798895,76.26906483864235,2017:1:0.020604673254109456|2018:5:0.10837434979150273|2019:3:0.0647246152916632|2020:2:0.04373237673585796|2021:3:0.06502460987490165|2022:3:0.06502460987490165|2023:5:0.10837434979150273|2024:7:0.1517240897081038|2025:10:0.17190129282888306|2026:11:0.20051503284857405
A,SEOUL,,CULTURE_ART,WATERFRONT,10,2026,HISTORICAL_ONLY,HISTORICAL_ONLY,2017,2025,2017,2025,50,6,1.896656057295421,SAME_REGION_TYPE,150110640,287772083,216133691,50000000,159710049,399830473,0.9270448979648167,76.05492403683364,2017:4:0.08120245354614818|2018:36:0.7139579625604217|2019:2:0.04091352527964654|2020:3:0.061370287919469815|2021:2:0.04091352527964654|2025:3:0.061642245414667125
B,SEOUL,,CULTURE_ART,WATERFRONT,10,2026,INCLUDE_PUBLISHED_SAME_YEAR,HISTORICAL_ONLY,2017,2025,2017,2025,50,6,1.896656057295421,SAME_REGION_TYPE,150110640,287772083,216133691,50000000,159710049,399830473,0.9270448979648167,76.05492403683364,2017:4:0.08120245354614818|2018:36:0.7139579625604217|2019:2:0.04091352527964654|2020:3:0.061370287919469815|2021:2:0.04091352527964654|2025:3:0.061642245414667125
C,SEOUL,,CULTURE_ART,WATERFRONT,10,2026,INCLUDE_PUBLISHED_SAME_YEAR,INCLUDE_PUBLISHED_SAME_YEAR,2017,2026,2017,2026,50,7,2.00566198487947,SAME_REGION_TYPE,162619369,328585114,227580023,50182684,175150945,451323450,0.9276051268106404,75.8780632396908,2017:4:0.08110725411415735|2018:35:0.69331202371985|2019:2:0.04086555943382206|2020:3:0.061298339150733086|2021:2:0.04086555943382206|2025:3:0.06156997781074823|2026:1:0.020981286336867213
D,SEOUL,,CULTURE_ART,WATERFRONT,10,2027,HISTORICAL_ONLY,HISTORICAL_ONLY,2017,2026,2017,2026,50,7,2.00566198487947,SAME_REGION_TYPE,162619369,328585114,227580023,50182684,175150945,451323450,0.9276051268106404,75.8780632396908,2017:4:0.08110725411415735|2018:35:0.69331202371985|2019:2:0.04086555943382206|2020:3:0.061298339150733086|2021:2:0.04086555943382206|2025:3:0.06156997781074823|2026:1:0.020981286336867213
A,SEOUL,,CULTURE_ART,GREEN,14,2026,HISTORICAL_ONLY,HISTORICAL_ONLY,2017,2025,2017,2025,50,4,1.3336705161956923,SAME_REGION_TYPE,140670739,300558447,227664207,41020199,160201990,449015149,0.9232661143392193,72.8498014250678,2017:1:0.01999192365388154|2018:43:0.8596527171169068|2019:5:0.0999596182694077|2025:1:0.02039574095980383
B,SEOUL,,CULTURE_ART,GREEN,14,2026,INCLUDE_PUBLISHED_SAME_YEAR,HISTORICAL_ONLY,2017,2025,2017,2025,50,4,1.3336705161956923,SAME_REGION_TYPE,140670739,300558447,227664207,41020199,160201990,449015149,0.9232661143392193,72.8498014250678,2017:1:0.01999192365388154|2018:43:0.8596527171169068|2019:5:0.0999596182694077|2025:1:0.02039574095980383
C,SEOUL,,CULTURE_ART,GREEN,14,2026,INCLUDE_PUBLISHED_SAME_YEAR,INCLUDE_PUBLISHED_SAME_YEAR,2017,2026,2017,2026,50,5,1.3468314333224927,SAME_REGION_TYPE,173749433,398520332,261211669,50000000,195880925,495475680,0.9247472141201849,73.83013649089159,2017:1:0.019929773455932408|2018:43:0.8569802586050941|2019:1:0.019929773455932408|2025:1:0.020332335388638347|2026:4:0.08282785909440271
D,SEOUL,,CULTURE_ART,GREEN,14,2027,HISTORICAL_ONLY,HISTORICAL_ONLY,2017,2026,2017,2026,50,5,1.3468314333224927,SAME_REGION_TYPE,173749433,398520332,261211669,50000000,195880925,495475680,0.9247472141201849,73.83013649089159,2017:1:0.019929773455932408|2018:43:0.8569802586050941|2019:1:0.019929773455932408|2025:1:0.020332335388638347|2026:4:0.08282785909440271
A,SEOUL,,CULTURE_ART,INDEPENDENT,2,2026,HISTORICAL_ONLY,HISTORICAL_ONLY,2017,2025,2017,2021,50,5,4.963836193882793,SAME_REGION_TYPE,154065032,279624105,294472588,49694675,135950414,438168047,0.9352517844113473,82.19668708655027,2017:10:0.20036818921310254|2018:11:0.21678448087223737|2019:9:0.1808836541114462|2020:9:0.1808836541114462|2021:11:0.22108002169176758
B,SEOUL,,CULTURE_ART,INDEPENDENT,2,2026,INCLUDE_PUBLISHED_SAME_YEAR,HISTORICAL_ONLY,2017,2025,2017,2021,50,5,4.963836193882793,SAME_REGION_TYPE,154065032,279624105,294472588,49694675,135950414,438168047,0.9352517844113473,82.19668708655027,2017:10:0.20036818921310254|2018:11:0.21678448087223737|2019:9:0.1808836541114462|2020:9:0.1808836541114462|2021:11:0.22108002169176758
C,SEOUL,,CULTURE_ART,INDEPENDENT,2,2026,INCLUDE_PUBLISHED_SAME_YEAR,INCLUDE_PUBLISHED_SAME_YEAR,2017,2026,2017,2026,50,6,5.349872008491513,SAME_REGION_TYPE,156101767,283275191,294476381,49838117,135950414,438741817,0.9363324737378664,82.63217444593025,2017:10:0.19990713408740074|2018:9:0.17740625037836327|2019:9:0.18046743367140888|2020:9:0.18046743367140888|2021:11:0.22057130782061088|2026:2:0.04118044037080722
D,SEOUL,,CULTURE_ART,INDEPENDENT,2,2027,HISTORICAL_ONLY,HISTORICAL_ONLY,2017,2026,2017,2026,50,6,5.349872008491513,SAME_REGION_TYPE,156101767,283275191,294476381,49838117,135950414,438741817,0.9363324737378664,82.63217444593025,2017:10:0.19990713408740074|2018:9:0.17740625037836327|2019:9:0.18046743367140888|2020:9:0.18046743367140888|2021:11:0.22057130782061088|2026:2:0.04118044037080722
A,SEOUL,,CULTURE_ART,GREEN,43,2026,HISTORICAL_ONLY,HISTORICAL_ONLY,2017,2025,2017,2025,50,4,1.3352989884760045,SAME_REGION_TYPE,142613998,314333861,228068328,41051596,160515959,449038697,0.9235709574849494,72.86866547818502,2017:1:0.019979382927863772|2018:43:0.8591134658981426|2019:5:0.09989691463931885|2025:1:0.021010236534674574
B,SEOUL,,CULTURE_ART,GREEN,43,2026,INCLUDE_PUBLISHED_SAME_YEAR,HISTORICAL_ONLY,2017,2025,2017,2025,50,4,1.3352989884760045,SAME_REGION_TYPE,142613998,314333861,228068328,41051596,160515959,449038697,0.9235709574849494,72.86866547818502,2017:1:0.019979382927863772|2018:43:0.8591134658981426|2019:5:0.09989691463931885|2025:1:0.021010236534674574
C,SEOUL,,CULTURE_ART,GREEN,43,2026,INCLUDE_PUBLISHED_SAME_YEAR,INCLUDE_PUBLISHED_SAME_YEAR,2017,2026,2017,2026,50,5,1.3489118368440574,SAME_REGION_TYPE,164357450,358542148,261777269,50000000,185751900,490563925,0.9245138014394775,73.4501415294682,2017:1:0.01994002835091455|2018:43:0.8574212190893262|2019:3:0.05982008505274366|2025:1:0.020968851424162875|2026:2:0.04184981608285276
D,SEOUL,,CULTURE_ART,GREEN,43,2027,HISTORICAL_ONLY,HISTORICAL_ONLY,2017,2026,2017,2026,50,5,1.3489118368440574,SAME_REGION_TYPE,164357450,358542148,261777269,50000000,185751900,490563925,0.9245138014394775,73.4501415294682,2017:1:0.01994002835091455|2018:43:0.8574212190893262|2019:3:0.05982008505274366|2025:1:0.020968851424162875|2026:2:0.04184981608285276
A,SEOUL,,COMMUNITY,GREEN,10,2026,HISTORICAL_ONLY,HISTORICAL_ONLY,2017,2025,2018,2023,50,6,3.1921064418416574,SAME_REGION_TYPE,36480708,107618928,49322680,10000000,22094482,120393677,0.9239678786442831,73.00704806944005,2018:25:0.4996856525998235|2019:8:0.16032692129618337|2020:1:0.020590973112331667|2021:7:0.1397359481838517|2022:3:0.05988683493593646|2023:6:0.11977366987187289
B,SEOUL,,COMMUNITY,GREEN,10,2026,INCLUDE_PUBLISHED_SAME_YEAR,HISTORICAL_ONLY,2017,2025,2018,2023,50,6,3.1921064418416574,SAME_REGION_TYPE,36480708,107618928,49322680,10000000,22094482,120393677,0.9239678786442831,73.00704806944005,2018:25:0.4996856525998235|2019:8:0.16032692129618337|2020:1:0.020590973112331667|2021:7:0.1397359481838517|2022:3:0.05988683493593646|2023:6:0.11977366987187289
C,SEOUL,,COMMUNITY,GREEN,10,2026,INCLUDE_PUBLISHED_SAME_YEAR,INCLUDE_PUBLISHED_SAME_YEAR,2017,2026,2018,2026,50,7,3.240369675633606,SAME_REGION_TYPE,38424195,112308120,49696346,11000000,22153666,120837557,0.9245354096889989,73.50744228487906,2018:25:0.49909599661578263|2019:8:0.1601377268935559|2020:1:0.02056667465499206|2021:7:0.13957105223856384|2022:3:0.05981616524509881|2023:5:0.09969360874183132|2026:1:0.021118775610174955
D,SEOUL,,COMMUNITY,GREEN,10,2027,HISTORICAL_ONLY,HISTORICAL_ONLY,2017,2026,2018,2026,50,7,3.240369675633606,SAME_REGION_TYPE,38424195,112308120,49696346,11000000,22153666,120837557,0.9245354096889989,73.50744228487906,2018:25:0.49909599661578263|2019:8:0.1601377268935559|2020:1:0.02056667465499206|2021:7:0.13957105223856384|2022:3:0.05981616524509881|2023:5:0.09969360874183132|2026:1:0.021118775610174955
A,SEOUL,,CULTURE_ART,GREEN,16,2026,HISTORICAL_ONLY,HISTORICAL_ONLY,2017,2025,2017,2025,50,6,1.4780050112492882,SAME_REGION_TYPE,147488755,310909483,227690576,45161054,160222939,495262821,0.9246412887245614,74.31585969435368,2017:3:0.0601486799763526|2018:41:0.81729199651904|2019:3:0.061230872010583005|2020:1:0.020107364420870938|2021:1:0.020107364420870938|2025:1:0.021113722652282386
B,SEOUL,,CULTURE_ART,GREEN,16,2026,INCLUDE_PUBLISHED_SAME_YEAR,HISTORICAL_ONLY,2017,2025,2017,2025,50,6,1.4780050112492882,SAME_REGION_TYPE,147488755,310909483,227690576,45161054,160222939,495262821,0.9246412887245614,74.31585969435368,2017:3:0.0601486799763526|2018:41:0.81729199651904|2019:3:0.061230872010583005|2020:1:0.020107364420870938|2021:1:0.020107364420870938|2025:1:0.021113722652282386
C,SEOUL,,CULTURE_ART,GREEN,16,2026,INCLUDE_PUBLISHED_SAME_YEAR,INCLUDE_PUBLISHED_SAME_YEAR,2017,2026,2017,2026,50,7,1.7963324589935612,SAME_REGION_TYPE,184347936,404401901,299300250,50000000,195711289,546206166,0.9257760350049921,74.97578814683413,2017:3:0.06000518637917383|2018:37:0.7357966422922186|2019:3:0.06108479668379868|2020:1:0.020059395320773155|2021:1:0.020059395320773155|2025:1:0.021063352735363146|2026:4:0.08193123126789924
D,SEOUL,,CULTURE_ART,GREEN,16,2027,HISTORICAL_ONLY,HISTORICAL_ONLY,2017,2026,2017,2026,50,7,1.7963324589935612,SAME_REGION_TYPE,184347936,404401901,299300250,50000000,195711289,546206166,0.9257760350049921,74.97578814683413,2017:3:0.06000518637917383|2018:37:0.7357966422922186|2019:3:0.06108479668379868|2020:1:0.020059395320773155|2021:1:0.020059395320773155|2025:1:0.021063352735363146|2026:4:0.08193123126789924
A,SEOUL,,CULTURE_ART,GREEN,3,2026,HISTORICAL_ONLY,HISTORICAL_ONLY,2017,2025,2017,2025,50,6,5.105068139764305,SAME_REGION_TYPE,208425188,375517340,413069135,69021382,250000000,498141092,0.9337886007958862,81.48109519983801,2017:10:0.20101475148542597|2018:14:0.27366372852449533|2019:8:0.16130430427120432|2020:7:0.1411412662373038|2021:9:0.18146734230510486|2025:2:0.041408607176465606
B,SEOUL,,CULTURE_ART,GREEN,3,2026,INCLUDE_PUBLISHED_SAME_YEAR,HISTORICAL_ONLY,2017,2025,2017,2025,50,6,5.105068139764305,SAME_REGION_TYPE,208425188,375517340,413069135,69021382,250000000,498141092,0.9337886007958862,81.48109519983801,2017:10:0.20101475148542597|2018:14:0.27366372852449533|2019:8:0.16130430427120432|2020:7:0.1411412662373038|2021:9:0.18146734230510486|2025:2:0.041408607176465606
C,SEOUL,,CULTURE_ART,GREEN,3,2026,INCLUDE_PUBLISHED_SAME_YEAR,INCLUDE_PUBLISHED_SAME_YEAR,2017,2026,2017,2026,50,7,6.301393505272722,SAME_REGION_TYPE,228031365,405891267,429163074,76500000,300000000,616006870,0.9368531760751022,82.1740817140131,2017:10:0.19970497592643885|2018:8:0.15536033453995746|2019:8:0.16025327476350593|2020:7:0.14022161541806769|2021:9:0.18028493410894417|2025:2:0.04113879622373379|2026:6:0.123036069019352
D,SEOUL,,CULTURE_ART,GREEN,3,2027,HISTORICAL_ONLY,HISTORICAL_ONLY,2017,2026,2017,2026,50,7,6.301393505272722,SAME_REGION_TYPE,228031365,405891267,429163074,76500000,300000000,616006870,0.9368531760751022,82.1740817140131,2017:10:0.19970497592643885|2018:8:0.15536033453995746|2019:8:0.16025327476350593|2020:7:0.14022161541806769|2021:9:0.18028493410894417|2025:2:0.04113879622373379|2026:6:0.123036069019352
A,SEOUL,,COMMUNITY,GREEN,3,2026,HISTORICAL_ONLY,HISTORICAL_ONLY,2017,2025,2017,2025,50,7,3.150314504783797,SAME_REGION_TYPE,47481021,151307003,71460281,10000000,30000000,151624910,0.9263030628893697,73.89733513188509,2017:2:0.04097895219712813|2018:25:0.4972226023454854|2019:9:0.18002611401914675|2020:2:0.04097895219712813|2021:9:0.18002611401914675|2022:2:0.039727760520576756|2025:1:0.021039504701387737
B,SEOUL,,COMMUNITY,GREEN,3,2026,INCLUDE_PUBLISHED_SAME_YEAR,HISTORICAL_ONLY,2017,2025,2017,2025,50,7,3.150314504783797,SAME_REGION_TYPE,47481021,151307003,71460281,10000000,30000000,151624910,0.9263030628893697,73.89733513188509,2017:2:0.04097895219712813|2018:25:0.4972226023454854|2019:9:0.18002611401914675|2020:2:0.04097895219712813|2021:9:0.18002611401914675|2022:2:0.039727760520576756|2025:1:0.021039504701387737
C,SEOUL,,COMMUNITY,GREEN,3,2026,INCLUDE_PUBLISHED_SAME_YEAR,INCLUDE_PUBLISHED_SAME_YEAR,2017,2026,2017,2026,50,8,3.1651152264408355,SAME_REGION_TYPE,51105564,157366273,97570760,11000000,30000000,175515930,0.9268650576692558,73.9952760838246,2017:2:0.04093083290956509|2018:25:0.49663874170234323|2019:9:0.17981471944010355|2020:2:0.04093083290956509|2021:9:0.17981471944010355|2022:1:0.019840555218648356|2025:1:0.02101479918983537|2026:1:0.02101479918983537
D,SEOUL,,COMMUNITY,GREEN,3,2027,HISTORICAL_ONLY,HISTORICAL_ONLY,2017,2026,2017,2026,50,8,3.1651152264408355,SAME_REGION_TYPE,51105564,157366273,97570760,11000000,30000000,175515930,0.9268650576692558,73.9952760838246,2017:2:0.04093083290956509|2018:25:0.49663874170234323|2019:9:0.17981471944010355|2020:2:0.04093083290956509|2021:9:0.17981471944010355|2022:1:0.019840555218648356|2025:1:0.02101479918983537|2026:1:0.02101479918983537
A,SEOUL,,CULTURE_ART,GREEN,11,2026,HISTORICAL_ONLY,HISTORICAL_ONLY,2017,2025,2017,2025,50,5,1.347506110380891,SAME_REGION_TYPE,160245358,348967327,260683844,50000000,185314941,451259766,0.9242641174504737,74.11606753670318,2017:1:0.01994973601667672|2018:43:0.8578386487170996|2019:2:0.03989947203335344|2020:1:0.020578035808217567|2025:3:0.061734107424652684
B,SEOUL,,CULTURE_ART,GREEN,11,2026,INCLUDE_PUBLISHED_SAME_YEAR,HISTORICAL_ONLY,2017,2025,2017,2025,50,5,1.347506110380891,SAME_REGION_TYPE,160245358,348967327,260683844,50000000,185314941,451259766,0.9242641174504737,74.11606753670318,2017:1:0.01994973601667672|2018:43:0.8578386487170996|2019:2:0.03989947203335344|2020:1:0.020578035808217567|2025:3:0.061734107424652684
C,SEOUL,,CULTURE_ART,GREEN,11,2026,INCLUDE_PUBLISHED_SAME_YEAR,INCLUDE_PUBLISHED_SAME_YEAR,2017,2026,2017,2026,50,5,1.5442186065045458,SAME_REGION_TYPE,162207891,367187659,229345847,50000000,175868563,490591721,0.9259031197116628,74.71977553703475,2017:1:0.019880838540866776|2018:40:0.7952335416346715|2020:1:0.020506968465615758|2025:3:0.06152090539684726|2026:5:0.10285774596199855
D,SEOUL,,CULTURE_ART,GREEN,11,2027,HISTORICAL_ONLY,HISTORICAL_ONLY,2017,2026,2017,2026,50,5,1.5442186065045458,SAME_REGION_TYPE,162207891,367187659,229345847,50000000,175868563,490591721,0.9259031197116628,74.71977553703475,2017:1:0.019880838540866776|2018:40:0.7952335416346715|2020:1:0.020506968465615758|2025:3:0.06152090539684726|2026:5:0.10285774596199855
A,SEOUL,,CULTURE_ART,GREEN,2,2026,HISTORICAL_ONLY,HISTORICAL_ONLY,2017,2025,2017,2025,50,6,5.171472277227691,SAME_REGION_TYPE,161426340,292451886,316427313,49766396,142748363,490649641,0.9357927514679001,82.04620893009653,2017:10:0.20013739611823336|2018:10:0.1970726868165487|2019:9:0.1806753041807133|2020:9:0.1806753041807133|2021:11:0.22082537177642736|2025:1:0.02061393692736395
B,SEOUL,,CULTURE_ART,GREEN,2,2026,INCLUDE_PUBLISHED_SAME_YEAR,HISTORICAL_ONLY,2017,2025,2017,2025,50,6,5.171472277227691,SAME_REGION_TYPE,161426340,292451886,316427313,49766396,142748363,490649641,0.9357927514679001,82.04620893009653,2017:10:0.20013739611823336|2018:10:0.1970726868165487|2019:9:0.1806753041807133|2020:9:0.1806753041807133|2021:11:0.22082537177642736|2025:1:0.02061393692736395
C,SEOUL,,CULTURE_ART,GREEN,2,2026,INCLUDE_PUBLISHED_SAME_YEAR,INCLUDE_PUBLISHED_SAME_YEAR,2017,2026,2017,2026,50,7,5.826401981248296,SAME_REGION_TYPE,152430853,254485004,295656259,50097885,136897763,443532456,0.9393637875616804,83.68492924445327,2017:9:0.17929797803412958|2018:4:0.07968799023739094|2019:9:0.17929797803412958|2020:9:0.17929797803412958|2021:11:0.21914197315282508|2025:1:0.020456792516051998|2026:7:0.14281930999134332
D,SEOUL,,CULTURE_ART,GREEN,2,2027,HISTORICAL_ONLY,HISTORICAL_ONLY,2017,2026,2017,2026,50,7,5.826401981248296,SAME_REGION_TYPE,152430853,254485004,295656259,50097885,136897763,443532456,0.9393637875616804,83.68492924445327,2017:9:0.17929797803412958|2018:4:0.07968799023739094|2019:9:0.17929797803412958|2020:9:0.17929797803412958|2021:11:0.21914197315282508|2025:1:0.020456792516051998|2026:7:0.14281930999134332
A,SEOUL,,CULTURE_ART,GREEN,10,2026,HISTORICAL_ONLY,HISTORICAL_ONLY,2017,2025,2017,2025,50,6,1.9012589997544833,SAME_REGION_TYPE,165276078,342496030,257303805,50000000,180579648,490448636,0.9277176658157297,75.81393281748872,2017:4:0.08109091349825485|2018:36:0.7129772667580152|2019:2:0.040857326281095556|2020:3:0.06128598942164334|2021:2:0.040857326281095556|2025:3:0.06293117775989544
B,SEOUL,,CULTURE_ART,GREEN,10,2026,INCLUDE_PUBLISHED_SAME_YEAR,HISTORICAL_ONLY,2017,2025,2017,2025,50,6,1.9012589997544833,SAME_REGION_TYPE,165276078,342496030,257303805,50000000,180579648,490448636,0.9277176658157297,75.81393281748872,2017:4:0.08109091349825485|2018:36:0.7129772667580152|2019:2:0.040857326281095556|2020:3:0.06128598942164334|2021:2:0.040857326281095556|2025:3:0.06293117775989544
C,SEOUL,,CULTURE_ART,GREEN,10,2026,INCLUDE_PUBLISHED_SAME_YEAR,INCLUDE_PUBLISHED_SAME_YEAR,2017,2026,2017,2026,50,7,2.364158826231632,SAME_REGION_TYPE,188924148,409794013,297607791,50532046,186392273,551521413,0.9294904338612809,76.1552699950519,2017:4:0.08078777454519169|2018:32:0.6313884196045179|2019:2:0.040704590955033676|2020:3:0.06105688643255052|2021:2:0.040704590955033676|2025:3:0.06269592462833987|2026:4:0.08266181287933269
D,SEOUL,,CULTURE_ART,GREEN,10,2027,HISTORICAL_ONLY,HISTORICAL_ONLY,2017,2026,2017,2026,50,7,2.364158826231632,SAME_REGION_TYPE,188924148,409794013,297607791,50532046,186392273,551521413,0.9294904338612809,76.1552699950519,2017:4:0.08078777454519169|2018:32:0.6313884196045179|2019:2:0.040704590955033676|2020:3:0.06105688643255052|2021:2:0.040704590955033676|2025:3:0.06269592462833987|2026:4:0.08266181287933269
A,SEOUL,,NATURE_ECOLOGY,GREEN,180,2026,HISTORICAL_ONLY,HISTORICAL_ONLY,2017,2025,2017,2025,50,9,5.922745576086009,GLOBAL_SIMILARITY,143791625,254452280,242032215,70000000,139072176,338169031,0.855879290004941,72.0233741009858,2017:2:0.032738491389268196|2018:5:0.1204606669069628|2019:3:0.06448671444263168|2020:1:0.016302447679846555|2021:5:0.10537317041539514|2022:3:0.07227640014417769|2023:5:0.1204606669069628|2024:7:0.16864493366974792|2025:19:0.29925650844500706
B,SEOUL,,NATURE_ECOLOGY,GREEN,180,2026,INCLUDE_PUBLISHED_SAME_YEAR,HISTORICAL_ONLY,2017,2025,2017,2025,50,9,5.922745576086009,GLOBAL_SIMILARITY,143791625,254452280,242032215,70000000,139072176,338169031,0.855879290004941,72.0233741009858,2017:2:0.032738491389268196|2018:5:0.1204606669069628|2019:3:0.06448671444263168|2020:1:0.016302447679846555|2021:5:0.10537317041539514|2022:3:0.07227640014417769|2023:5:0.1204606669069628|2024:7:0.16864493366974792|2025:19:0.29925650844500706
C,SEOUL,,NATURE_ECOLOGY,GREEN,180,2026,INCLUDE_PUBLISHED_SAME_YEAR,INCLUDE_PUBLISHED_SAME_YEAR,2017,2026,2018,2026,50,8,6.386825961408577,SAME_REGION_TYPE,120715086,253446079,158652129,54380330,103100392,260000000,0.8702629979296773,71.09650419064849,2018:5:0.11470796916344854|2019:2:0.04588318766537942|2021:3:0.06882478149806913|2022:3:0.06882478149806913|2023:5:0.11470796916344854|2024:7:0.16059115682882794|2025:11:0.1819743605133828|2026:14:0.24448579366937437
D,SEOUL,,NATURE_ECOLOGY,GREEN,180,2027,HISTORICAL_ONLY,HISTORICAL_ONLY,2017,2026,2018,2026,50,8,6.386825961408577,SAME_REGION_TYPE,120715086,253446079,158652129,54380330,103100392,260000000,0.8702629979296773,71.09650419064849,2018:5:0.11470796916344854|2019:2:0.04588318766537942|2021:3:0.06882478149806913|2022:3:0.06882478149806913|2023:5:0.11470796916344854|2024:7:0.16059115682882794|2025:11:0.1819743605133828|2026:14:0.24448579366937437
A,SEOUL,,CULTURE_ART,GREEN,13,2026,HISTORICAL_ONLY,HISTORICAL_ONLY,2017,2025,2017,2025,50,4,1.3327766655032074,SAME_REGION_TYPE,144011669,301235490,227355171,45004018,159987472,449000177,0.923106630228816,73.327744690106,2017:1:0.019998714474265468|2018:43:0.8599447223934156|2019:5:0.1000382372697005|2025:1:0.020018325862618376
B,SEOUL,,CULTURE_ART,GREEN,13,2026,INCLUDE_PUBLISHED_SAME_YEAR,HISTORICAL_ONLY,2017,2025,2017,2025,50,4,1.3327766655032074,SAME_REGION_TYPE,144011669,301235490,227355171,45004018,159987472,449000177,0.923106630228816,73.327744690106,2017:1:0.019998714474265468|2018:43:0.8599447223934156|2019:5:0.1000382372697005|2025:1:0.020018325862618376
C,SEOUL,,CULTURE_ART,GREEN,13,2026,INCLUDE_PUBLISHED_SAME_YEAR,INCLUDE_PUBLISHED_SAME_YEAR,2017,2026,2017,2026,50,5,1.4023938372991869,SAME_REGION_TYPE,170418727,394040103,255188143,50000000,185737275,495262620,0.9245201491197138,74.21792856400671,2017:1:0.019939415360373882|2018:42:0.8374554451357036|2019:1:0.019983947820789657|2025:1:0.01995896859809151|2026:5:0.10266222308504139
D,SEOUL,,CULTURE_ART,GREEN,13,2027,HISTORICAL_ONLY,HISTORICAL_ONLY,2017,2026,2017,2026,50,5,1.4023938372991869,SAME_REGION_TYPE,170418727,394040103,255188143,50000000,185737275,495262620,0.9245201491197138,74.21792856400671,2017:1:0.019939415360373882|2018:42:0.8374554451357036|2019:1:0.019983947820789657|2025:1:0.01995896859809151|2026:5:0.10266222308504139
A,SEOUL,,TRADITION_HISTORY,GREEN,3,2026,HISTORICAL_ONLY,HISTORICAL_ONLY,2017,2025,2017,2025,50,8,5.353025029988192,SAME_REGION_TYPE,154375831,299417011,249183343,51596281,166949525,406683927,0.928086392240991,76.5626502546361,2017:3:0.06123796183301394|2018:16:0.31725370917277007|2019:4:0.08040411525246689|2020:3:0.06061471157057143|2021:6:0.11998292261625783|2022:3:0.05936821104568641|2023:11:0.21768344050085017|2025:4:0.08345492800838294
B,SEOUL,,TRADITION_HISTORY,GREEN,3,2026,INCLUDE_PUBLISHED_SAME_YEAR,HISTORICAL_ONLY,2017,2025,2017,2025,50,8,5.353025029988192,SAME_REGION_TYPE,154375831,299417011,249183343,51596281,166949525,406683927,0.928086392240991,76.5626502546361,2017:3:0.06123796183301394|2018:16:0.31725370917277007|2019:4:0.08040411525246689|2020:3:0.06061471157057143|2021:6:0.11998292261625783|2022:3:0.05936821104568641|2023:11:0.21768344050085017|2025:4:0.08345492800838294
C,SEOUL,,TRADITION_HISTORY,GREEN,3,2026,INCLUDE_PUBLISHED_SAME_YEAR,INCLUDE_PUBLISHED_SAME_YEAR,2017,2026,2017,2026,50,9,5.9785535851901805,SAME_REGION_TYPE,148264652,269531547,230949191,52128937,167837286,360332399,0.9297558978403097,77.72136728734665,2017:3:0.06102354645805475|2018:16:0.3161428937410781|2019:4:0.08012259251715559|2020:3:0.060402478411262714|2021:6:0.11956282072894134|2022:3:0.05916034231767864|2023:8:0.157760912847143|2025:4:0.08316272331793449|2026:3:0.06266168966075097
D,SEOUL,,TRADITION_HISTORY,GREEN,3,2027,HISTORICAL_ONLY,HISTORICAL_ONLY,2017,2026,2017,2026,50,9,5.9785535851901805,SAME_REGION_TYPE,148264652,269531547,230949191,52128937,167837286,360332399,0.9297558978403097,77.72136728734665,2017:3:0.06102354645805475|2018:16:0.3161428937410781|2019:4:0.08012259251715559|2020:3:0.060402478411262714|2021:6:0.11956282072894134|2022:3:0.05916034231767864|2023:8:0.157760912847143|2025:4:0.08316272331793449|2026:3:0.06266168966075097
A,SEOUL,,CULTURE_ART,INDEPENDENT,3,2026,HISTORICAL_ONLY,HISTORICAL_ONLY,2017,2025,2017,2025,50,6,5.105068139764305,SAME_REGION_TYPE,208061130,368395059,413069135,69021382,250000000,498141092,0.9337886007958862,81.48109519983801,2017:10:0.20101475148542597|2018:14:0.27366372852449533|2019:8:0.16130430427120432|2020:7:0.1411412662373038|2021:9:0.18146734230510486|2025:2:0.041408607176465606
B,SEOUL,,CULTURE_ART,INDEPENDENT,3,2026,INCLUDE_PUBLISHED_SAME_YEAR,HISTORICAL_ONLY,2017,2025,2017,2025,50,6,5.105068139764305,SAME_REGION_TYPE,208061130,368395059,413069135,69021382,250000000,498141092,0.9337886007958862,81.48109519983801,2017:10:0.20101475148542597|2018:14:0.27366372852449533|2019:8:0.16130430427120432|2020:7:0.1411412662373038|2021:9:0.18146734230510486|2025:2:0.041408607176465606
C,SEOUL,,CULTURE_ART,INDEPENDENT,3,2026,INCLUDE_PUBLISHED_SAME_YEAR,INCLUDE_PUBLISHED_SAME_YEAR,2017,2026,2017,2026,50,7,5.388915387888654,SAME_REGION_TYPE,214487199,378793086,423263787,69035948,276844236,525237198,0.9343330022589703,81.50494893595851,2017:10:0.2007824673717169|2018:13:0.25382267331281744|2019:8:0.16111790786458136|2020:7:0.14097816938150867|2021:9:0.181257646347654|2025:2:0.04136075714781431|2026:1:0.020680378573907154
D,SEOUL,,CULTURE_ART,INDEPENDENT,3,2027,HISTORICAL_ONLY,HISTORICAL_ONLY,2017,2026,2017,2026,50,7,5.388915387888654,SAME_REGION_TYPE,214487199,378793086,423263787,69035948,276844236,525237198,0.9343330022589703,81.50494893595851,2017:10:0.2007824673717169|2018:13:0.25382267331281744|2019:8:0.16111790786458136|2020:7:0.14097816938150867|2021:9:0.181257646347654|2025:2:0.04136075714781431|2026:1:0.020680378573907154
A,SEOUL,,NATURE_ECOLOGY,GREEN,9,2026,HISTORICAL_ONLY,HISTORICAL_ONLY,2017,2025,2017,2025,50,9,5.690274868741771,GLOBAL_SIMILARITY,151366357,264502378,243480237,70000000,125813213,295326270,0.89274938806984,75.53154372674163,2017:2:0.043728163065705226|2018:5:0.10792704825245365|2019:3:0.0645543400247851|2020:2:0.0419031507728014|2021:4:0.0862191684397059|2022:3:0.0647562289514722|2023:5:0.10792704825245365|2024:7:0.1510978675534351|2025:19:0.3318869846871875
B,SEOUL,,NATURE_ECOLOGY,GREEN,9,2026,INCLUDE_PUBLISHED_SAME_YEAR,HISTORICAL_ONLY,2017,2025,2017,2025,50,9,5.690274868741771,GLOBAL_SIMILARITY,151366357,264502378,243480237,70000000,125813213,295326270,0.89274938806984,75.53154372674163,2017:2:0.043728163065705226|2018:5:0.10792704825245365|2019:3:0.0645543400247851|2020:2:0.0419031507728014|2021:4:0.0862191684397059|2022:3:0.0647562289514722|2023:5:0.10792704825245365|2024:7:0.1510978675534351|2025:19:0.3318869846871875
C,SEOUL,,NATURE_ECOLOGY,GREEN,9,2026,INCLUDE_PUBLISHED_SAME_YEAR,INCLUDE_PUBLISHED_SAME_YEAR,2017,2026,2017,2026,50,10,8.133865254977975,SAME_REGION_TYPE,166085854,271670321,269332860,70000000,150081576,297870539,0.9011128142445654,76.92394061232429,2017:2:0.04281197229960261|2018:5:0.10566576494921881|2019:3:0.06320180001175763|2020:2:0.041025197593040325|2021:4:0.08441270778717835|2022:3:0.0633994589695313|2023:5:0.10566576494921881|2024:7:0.14793207092890634|2025:9:0.1616583404893956|2026:10:0.18422692202215027
D,SEOUL,,NATURE_ECOLOGY,GREEN,9,2027,HISTORICAL_ONLY,HISTORICAL_ONLY,2017,2026,2017,2026,50,10,8.133865254977975,SAME_REGION_TYPE,166085854,271670321,269332860,70000000,150081576,297870539,0.9011128142445654,76.92394061232429,2017:2:0.04281197229960261|2018:5:0.10566576494921881|2019:3:0.06320180001175763|2020:2:0.041025197593040325|2021:4:0.08441270778717835|2022:3:0.0633994589695313|2023:5:0.10566576494921881|2024:7:0.14793207092890634|2025:9:0.1616583404893956|2026:10:0.18422692202215027
A,SEOUL,,CULTURE_ART,OTHER,3,2026,HISTORICAL_ONLY,HISTORICAL_ONLY,2017,2025,2017,2025,50,6,5.831658864984186,SAME_REGION_TYPE,197868328,353834735,358552191,65506964,267573546,494620645,0.9352222340719827,81.34328493849749,2017:10:0.20039426638215288|2018:10:0.19487070940891676|2019:8:0.16080639594778776|2020:7:0.1407055964543143|2021:9:0.18090719544126121|2025:6:0.12231583636556692
B,SEOUL,,CULTURE_ART,OTHER,3,2026,INCLUDE_PUBLISHED_SAME_YEAR,HISTORICAL_ONLY,2017,2025,2017,2025,50,6,5.831658864984186,SAME_REGION_TYPE,197868328,353834735,358552191,65506964,267573546,494620645,0.9352222340719827,81.34328493849749,2017:10:0.20039426638215288|2018:10:0.19487070940891676|2019:8:0.16080639594778776|2020:7:0.1407055964543143|2021:9:0.18090719544126121|2025:6:0.12231583636556692
C,SEOUL,,CULTURE_ART,OTHER,3,2026,INCLUDE_PUBLISHED_SAME_YEAR,INCLUDE_PUBLISHED_SAME_YEAR,2017,2026,2017,2026,50,7,6.456968869598531,SAME_REGION_TYPE,203760766,359318406,398010598,65736462,288794675,494402146,0.936841717066599,82.00707766168532,2017:10:0.19970329895017327|2018:7:0.13593915119535072|2019:8:0.1602519290737603|2020:7:0.14022043793954025|2021:9:0.18028342020798033|2025:6:0.12189408647785914|2026:3:0.06170767615533596
D,SEOUL,,CULTURE_ART,OTHER,3,2027,HISTORICAL_ONLY,HISTORICAL_ONLY,2017,2026,2017,2026,50,7,6.456968869598531,SAME_REGION_TYPE,203760766,359318406,398010598,65736462,288794675,494402146,0.936841717066599,82.00707766168532,2017:10:0.19970329895017327|2018:7:0.13593915119535072|2019:8:0.1602519290737603|2020:7:0.14022043793954025|2021:9:0.18028342020798033|2025:6:0.12189408647785914|2026:3:0.06170767615533596
A,SEOUL,,COMMUNITY,WATERFRONT,2,2026,HISTORICAL_ONLY,HISTORICAL_ONLY,2017,2025,2017,2021,50,5,2.894980578505695,SAME_REGION_TYPE,62921835,118137718,115469942,20188965,98325562,160000000,0.9301116904606146,78.82169039698323,2017:5:0.10161330665332663|2018:27:0.5338197945126409|2019:5:0.10037230153538304|2020:9:0.18290395197598794|2021:4:0.08129064532266131
B,SEOUL,,COMMUNITY,WATERFRONT,2,2026,INCLUDE_PUBLISHED_SAME_YEAR,HISTORICAL_ONLY,2017,2025,2017,2021,50,5,2.894980578505695,SAME_REGION_TYPE,62921835,118137718,115469942,20188965,98325562,160000000,0.9301116904606146,78.82169039698323,2017:5:0.10161330665332663|2018:27:0.5338197945126409|2019:5:0.10037230153538304|2020:9:0.18290395197598794|2021:4:0.08129064532266131
C,SEOUL,,COMMUNITY,WATERFRONT,2,2026,INCLUDE_PUBLISHED_SAME_YEAR,INCLUDE_PUBLISHED_SAME_YEAR,2017,2026,2017,2026,50,6,2.9478888163359063,SAME_REGION_TYPE,69246753,133420631,115474176,22529898,98325562,160000000,0.9312163813269543,79.66584502909502,2017:5:0.10137688498886907|2018:27:0.5325777665883884|2019:3:0.06082613099332145|2020:9:0.18247839297996432|2021:4:0.08110150799109526|2026:2:0.041639316458361435
D,SEOUL,,COMMUNITY,WATERFRONT,2,2027,HISTORICAL_ONLY,HISTORICAL_ONLY,2017,2026,2017,2026,50,6,2.9478888163359063,SAME_REGION_TYPE,69246753,133420631,115474176,22529898,98325562,160000000,0.9312163813269543,79.66584502909502,2017:5:0.10137688498886907|2018:27:0.5325777665883884|2019:3:0.06082613099332145|2020:9:0.18247839297996432|2021:4:0.08110150799109526|2026:2:0.041639316458361435
A,GANGWON,,COMMUNITY,OTHER,10,2026,HISTORICAL_ONLY,HISTORICAL_ONLY,2017,2025,2017,2025,50,9,7.417338299660187,SAME_REGION_TYPE,80012200,186929695,86430424,28996708,50000000,423806448,0.8909263120960242,74.8174012632312,2017:4:0.07274633126541248|2018:5:0.09038974719715162|2019:4:0.076405082939501|2020:7:0.13777541032960663|2021:7:0.12781444741614856|2022:5:0.1083817984403236|2023:9:0.19508723719258245|2024:8:0.17341087750451772|2025:1:0.017989067714755298
B,GANGWON,,COMMUNITY,OTHER,10,2026,INCLUDE_PUBLISHED_SAME_YEAR,HISTORICAL_ONLY,2017,2025,2017,2025,50,9,7.417338299660187,SAME_REGION_TYPE,80012200,186929695,86430424,28996708,50000000,423806448,0.8909263120960242,74.8174012632312,2017:4:0.07274633126541248|2018:5:0.09038974719715162|2019:4:0.076405082939501|2020:7:0.13777541032960663|2021:7:0.12781444741614856|2022:5:0.1083817984403236|2023:9:0.19508723719258245|2024:8:0.17341087750451772|2025:1:0.017989067714755298
C,GANGWON,,COMMUNITY,OTHER,10,2026,INCLUDE_PUBLISHED_SAME_YEAR,INCLUDE_PUBLISHED_SAME_YEAR,2017,2026,2017,2026,50,9,6.61844235617592,SAME_REGION_TYPE,67007748,157877038,72474546,34284646,48844696,256214997,0.8806321950603558,71.89879122083653,2017:1:0.0232133394549261|2019:1:0.0232133394549261|2020:4:0.09072707086844843|2021:2:0.04500915427568156|2022:5:0.11252288568920389|2023:9:0.202541194240567|2024:8:0.1800366171027262|2025:9:0.133251486012652|2026:11:0.18948491290086866
D,GANGWON,,COMMUNITY,OTHER,10,2027,HISTORICAL_ONLY,HISTORICAL_ONLY,2017,2026,2017,2026,50,9,6.61844235617592,SAME_REGION_TYPE,67007748,157877038,72474546,34284646,48844696,256214997,0.8806321950603558,71.89879122083653,2017:1:0.0232133394549261|2019:1:0.0232133394549261|2020:4:0.09072707086844843|2021:2:0.04500915427568156|2022:5:0.11252288568920389|2023:9:0.202541194240567|2024:8:0.1800366171027262|2025:9:0.133251486012652|2026:11:0.18948491290086866
