station_id,station_name,month,avg_temp_c,max_temp_c,min_temp_c,precipitation_mm,humidity_pct,sunshine_hr
90,속초,1,0.1,4.2,-3.8,43.5,49.0,185.4
90,속초,2,1.9,6.0,-2.2,45.9,53.2,176.9
90,속초,3,6.3,10.6,1.8,52.3,58.0,194.9
90,속초,4,11.9,16.5,7.3,73.3,60.5,211.9
90,속초,5,16.3,20.9,12.1,88.5,68.6,216.3
90,속초,6,19.8,23.5,16.5,119.5,78.7,172.4
90,속초,7,23.4,26.7,20.6,265.6,82.2,146.3
90,속초,8,24.1,27.5,21.2,298.0,82.3,152.4
90,속초,9,20.1,24.0,16.5,200.6,77.8,166.8
90,속초,10,15.1,19.5,10.8,87.9,65.6,189.8
90,속초,11,8.8,13.1,4.7,92.0,56.0,169.0
90,속초,12,2.5,6.6,-1.5,40.1,47.9,184.3
95,철원,1,-5.7,0.7,-11.8,18.2,67.1,173.3
95,철원,2,-2.3,4.1,-8.6,26.3,63.1,176.0
95,철원,3,3.7,10.2,-2.6,30.8,60.5,196.5
95,철원,4,10.5,17.5,3.4,69.0,58.3,203.7
95,철원,5,16.6,22.9,10.4,102.4,64.4,224.5
95,철원,6,21.1,26.7,16.1,119.0,71.4,198.7
95,철원,7,23.8,28.1,20.2,400.0,81.3,141.9
95,철원,8,24.0,28.9,20.1,347.4,81.4,170.0
95,철원,9,18.9,25.0,13.6,121.2,76.9,187.0
95,철원,10,11.8,19.1,5.5,49.9,72.9,200.6
95,철원,11,4.3,10.5,-1.2,48.1,71.6,152.3
95,철원,12,-3.2,2.7,-8.6,22.1,70.0,159.0
98,동두천,1,-3.8,2.4,-9.0,18.4,60.9,183.7
98,동두천,2,-0.8,5.8,-6.2,26.0,57.5,180.8
98,동두천,3,5.0,12.1,-0.8,32.0,55.3,209.6
98,동두천,4,11.6,19.0,5.2,73.2,55.3,206.0
98,동두천,5,17.4,24.5,11.3,95.2,62.3,231.2
98,동두천,6,21.8,28.2,16.7,130.5,68.4,203.9
98,동두천,7,24.3,29.0,20.9,431.7,79.5,128.7
98,동두천,8,24.9,30.1,21.2,347.5,77.8,164.1
98,동두천,9,20.1,26.3,15.3,137.9,73.6,182.4
98,동두천,10,13.1,20.5,7.4,55.1,69.3,201.2
98,동두천,11,5.7,12.2,0.5,47.4,64.9,160.6
98,동두천,12,-1.9,3.9,-6.9,22.2,62.4,169.6
99,파주,1,-4.6,1.8,-10.6,17.4,65.2,193.0
99,파주,2,-1.3,5.2,-7.3,27.9,62.7,184.2
99,파주,3,4.4,11.2,-1.9,31.5,62.2,212.4
99,파주,4,10.8,17.9,4.1,74.2,63.0,208.8
99,파주,5,16.8,23.8,10.7,102.0,69.6,234.4
99,파주,6,21.4,27.5,16.5,107.4,75.0,209.1
99,파주,7,24.2,28.8,20.8,395.2,84.1,137.6
99,파주,8,24.9,29.9,21.2,282.9,83.5,171.1
99,파주,9,19.9,26.1,15.1,134.5,79.4,187.5
99,파주,10,12.6,20.3,6.5,50.1,74.8,210.8
99,파주,11,5.2,11.6,-0.4,52.7,71.4,163.6
99,파주,12,-2.6,3.2,-8.0,20.0,68.1,175.8
100,대관령,1,-6.9,-1.8,-12.2,53.1,66.3,199.3
100,대관령,2,-4.6,0.6,-10.1,49.2,65.7,193.5
100,대관령,3,0.4,5.5,-4.7,72.6,65.8,210.9
100,대관령,4,7.0,12.9,1.2,93.5,61.9,223.1
100,대관령,5,12.5,18.4,6.8,108.2,67.5,237.2
100,대관령,6,16.2,21.3,11.6,162.5,79.4,192.4
100,대관령,7,19.6,23.4,16.6,336.3,86.2,143.0
100,대관령,8,19.7,23.6,16.5,368.4,87.2,138.2
100,대관령,9,14.6,19.4,10.4,249.6,85.5,149.6
100,대관령,10,8.8,14.6,3.5,97.6,76.8,196.2
100,대관령,11,2.3,7.5,-2.6,69.4,70.3,177.2
100,대관령,12,-4.5,0.5,-9.4,34.7,66.6,193.3
101,춘천,1,-4.1,1.9,-9.3,18.6,68.0,170.0
101,춘천,2,-1.0,5.4,-6.7,27.6,63.2,174.3
101,춘천,3,5.0,11.6,-1.1,33.5,60.6,199.9
101,춘천,4,11.7,18.9,4.7,71.5,58.8,210.1
101,춘천,5,17.6,24.3,11.3,99.4,65.0,227.5
101,춘천,6,22.2,28.1,17.0,122.9,70.6,205.0
101,춘천,7,24.9,29.3,21.3,398.2,80.0,144.2
101,춘천,8,25.0,29.9,21.3,319.9,80.5,166.3
101,춘천,9,19.8,25.6,15.3,128.1,78.2,173.3
101,춘천,10,12.7,19.6,7.5,49.3,76.1,178.9
101,춘천,11,5.3,11.2,0.4,48.3,73.3,141.8
101,춘천,12,-2.0,3.5,-6.6,24.2,71.5,148.4
102,백령도,1,-1.3,1.2,-3.4,13.3,63.4,139.9
102,백령도,2,0.0,2.8,-2.2,17.4,63.0,166.6
102,백령도,3,3.8,7.1,1.3,18.2,65.5,216.9
102,백령도,4,9.1,13.0,6.0,47.5,65.7,219.3
102,백령도,5,14.5,18.7,11.1,74.3,70.1,239.6
102,백령도,6,19.0,22.9,16.1,72.0,80.2,191.0
102,백령도,7,22.3,25.4,19.9,201.0,88.0,136.7
102,백령도,8,23.8,26.9,21.5,158.5,83.7,189.6
102,백령도,9,20.1,23.5,17.8,90.6,75.9,212.4
102,백령도,10,14.7,17.7,12.3,31.0,67.8,217.6
102,백령도,11,7.9,10.6,5.5,41.9,64.7,146.7
102,백령도,12,1.2,3.8,-1.1,21.6,63.8,117.3
105,강릉,1,0.9,5.3,-2.7,47.9,46.8,190.2
105,강릉,2,2.7,7.1,-1.3,48.0,49.2,182.2
105,강릉,3,7.0,11.7,2.6,65.1,52.8,199.3
105,강릉,4,13.1,17.9,8.2,81.9,52.2,209.6
105,강릉,5,17.9,22.7,13.3,79.2,59.3,218.7
105,강릉,6,21.3,25.4,17.5,118.5,69.3,176.9
105,강릉,7,24.7,28.1,21.6,250.2,74.7,148.9
105,강릉,8,25.0,28.6,21.9,292.9,76.4,151.3
105,강릉,9,20.5,24.6,17.0,229.3,73.0,162.1
105,강릉,10,15.6,20.3,11.5,113.9,61.5,192.5
105,강릉,11,9.5,14.0,5.6,81.1,52.7,175.2
105,강릉,12,3.3,7.7,-0.5,36.9,45.6,189.7
106,동해,1,1.1,5.4,-2.8,46.4,47.6,188.1
106,동해,2,2.8,7.0,-1.4,44.0,52.2,181.0
106,동해,3,6.8,11.2,2.4,57.6,56.4,202.3
106,동해,4,12.2,16.7,7.7,72.3,58.8,211.9
106,동해,5,16.6,21.1,12.5,63.3,67.0,221.3
106,동해,6,19.6,23.4,16.5,105.9,77.8,179.7
106,동해,7,23.2,26.6,20.5,230.8,82.1,155.0
106,동해,8,24.1,27.6,21.1,227.2,82.3,163.4
106,동해,9,19.8,23.8,16.2,219.8,79.0,165.3
106,동해,10,15.1,19.7,10.7,102.9,67.2,190.3
106,동해,11,9.3,13.7,5.0,71.6,56.5,172.6
106,동해,12,3.4,7.7,-0.8,22.5,46.0,188.3
108,서울,1,-1.9,2.1,-5.5,16.8,56.2,169.6
108,서울,2,0.7,5.1,-3.2,28.2,54.6,170.8
108,서울,3,6.1,11.0,1.9,36.9,54.6,198.2
108,서울,4,12.6,17.9,8.0,72.9,54.8,206.3
108,서울,5,18.2,23.6,13.5,103.6,59.7,223.0
108,서울,6,22.7,27.6,18.7,129.5,65.7,189.1
108,서울,7,25.3,29.0,22.3,414.4,76.2,123.6
108,서울,8,26.1,30.0,22.9,348.2,73.5,156.1
108,서울,9,21.6,26.2,17.7,141.5,66.4,179.7
108,서울,10,15.0,20.2,10.6,52.2,61.8,206.5
108,서울,11,7.5,11.9,3.5,51.1,60.4,157.3
108,서울,12,0.2,4.2,-3.4,22.6,57.8,162.9
112,인천,1,-1.5,2.2,-4.8,15.9,61.1,186.6
112,인천,2,0.7,4.8,-2.8,25.1,61.2,188.5
112,인천,3,5.6,10.1,2.1,33.8,63.4,215.3
112,인천,4,11.5,16.2,7.9,63.5,64.5,220.0
112,인천,5,16.8,21.6,13.1,96.3,69.8,239.5
112,인천,6,21.3,25.6,18.0,106.0,75.9,212.5
112,인천,7,24.4,27.8,21.8,337.7,83.8,159.7
112,인천,8,25.6,29.2,22.9,274.6,80.1,189.8
112,인천,9,21.5,25.8,18.1,130.3,72.9,200.4
112,인천,10,15.3,19.9,11.4,51.1,66.7,219.1
112,인천,11,7.9,12.0,4.3,50.8,64.3,170.2
112,인천,12,0.7,4.5,-2.7,22.3,61.8,176.7
114,원주,1,-3.1,2.4,-8.0,18.0,64.0,162.5
114,원주,2,-0.3,5.6,-5.6,28.5,60.5,164.5
114,원주,3,5.5,11.8,-0.3,43.8,57.9,189.5
114,원주,4,12.2,19.1,5.7,73.0,56.4,199.7
114,원주,5,17.9,24.4,11.8,86.1,61.3,217.2
114,원주,6,22.4,28.1,17.3,136.7,67.1,186.2
114,원주,7,25.1,29.7,21.4,357.8,76.3,132.4
114,원주,8,25.3,30.3,21.5,289.8,75.8,153.7
114,원주,9,20.2,25.9,15.5,147.0,73.3,166.2
114,원주,10,13.3,20.0,7.8,52.7,71.1,188.4
114,원주,11,6.0,12.0,1.0,42.1,68.6,148.7
114,원주,12,-1.1,4.3,-5.7,23.5,66.8,154.2
115,울릉도,1,1.7,4.4,-0.5,117.4,68.6,102.0
115,울릉도,2,2.5,5.6,0.0,91.3,68.4,118.1
115,울릉도,3,5.8,9.6,2.9,76.4,67.5,180.5
115,울릉도,4,11.1,15.1,7.8,97.8,67.2,216.5
115,울릉도,5,15.8,19.7,12.5,108.5,70.2,238.5
115,울릉도,6,19.1,22.5,16.5,116.8,79.6,185.5
115,울릉도,7,22.7,25.5,20.5,175.0,84.7,165.1
115,울릉도,8,23.8,26.9,21.7,176.7,83.4,176.6
115,울릉도,9,20.0,23.2,17.7,173.6,79.3,163.7
115,울릉도,10,15.4,18.8,13.0,100.9,71.4,178.8
115,울릉도,11,9.9,13.2,7.4,116.9,67.6,132.0
115,울릉도,12,4.3,7.2,1.9,129.3,67.3,104.1
119,수원,1,-2.1,2.8,-6.6,18.1,63.0,174.3
119,수원,2,0.3,5.6,-4.5,28.3,61.9,178.7
119,수원,3,5.7,11.3,0.6,40.7,62.2,205.7
119,수원,4,12.0,18.2,6.4,71.6,62.1,214.5
119,수원,5,17.6,23.6,12.3,95.0,66.1,229.7
119,수원,6,22.2,27.5,17.9,122.9,71.4,195.0
119,수원,7,25.3,29.3,22.1,385.1,79.9,138.2
119,수원,8,26.0,30.3,22.7,296.3,77.6,168.7
119,수원,9,21.4,26.4,17.1,133.5,73.2,184.6
119,수원,10,14.6,20.4,9.4,54.1,69.8,208.9
119,수원,11,7.2,12.5,2.4,48.9,67.9,162.5
119,수원,12,0.1,4.9,-4.2,25.8,64.4,166.2
121,영월,1,-3.6,2.5,-9.2,19.1,63.5,179.9
121,영월,2,-0.8,5.8,-6.8,28.2,59.8,177.6
121,영월,3,4.9,11.8,-1.5,45.1,57.8,202.2
121,영월,4,11.5,18.8,4.3,73.5,55.6,209.2
121,영월,5,17.0,24.4,10.0,78.4,62.6,225.9
121,영월,6,21.3,28.1,15.6,137.1,69.4,196.5
121,영월,7,23.9,29.2,20.1,294.8,79.8,138.8
121,영월,8,24.3,29.9,20.5,280.4,79.7,155.0
121,영월,9,19.2,25.5,14.7,139.4,77.7,155.9
121,영월,10,12.6,20.0,7.1,49.4,74.0,179.7
121,영월,11,5.3,11.9,-0.1,37.4,69.6,151.5
121,영월,12,-1.7,4.2,-7.0,22.3,67.1,170.6
127,충주,1,-3.2,2.5,-8.3,20.0,67.0,163.5
127,충주,2,-0.5,5.8,-6.1,29.4,62.2,171.8
127,충주,3,5.3,11.9,-0.9,41.5,58.1,199.8
127,충주,4,11.9,19.2,4.8,73.8,55.1,214.3
127,충주,5,17.5,24.5,10.9,87.4,59.5,233.3
127,충주,6,22.1,28.0,16.8,134.7,65.8,198.2
127,충주,7,24.9,29.7,21.1,293.3,75.1,142.0
127,충주,8,25.2,30.3,21.3,273.0,75.5,164.6
127,충주,9,19.9,26.0,15.2,140.2,74.9,169.0
127,충주,10,12.9,20.2,7.1,56.7,73.6,185.5
127,충주,11,5.7,12.3,0.3,39.4,70.8,145.9
127,충주,12,-1.3,4.5,-6.2,24.9,69.6,150.8
129,서산,1,-1.6,3.3,-6.2,23.5,70.7,157.2
129,서산,2,0.1,5.6,-4.9,31.1,68.2,173.5
129,서산,3,4.9,10.8,-0.7,41.5,67.5,208.1
129,서산,4,10.9,17.3,5.0,74.7,67.4,219.5
129,서산,5,16.6,22.5,11.4,101.1,71.5,238.8
129,서산,6,21.3,26.4,17.0,138.2,76.5,195.4
129,서산,7,24.5,28.5,21.5,274.6,84.2,146.7
129,서산,8,25.3,29.7,21.7,283.5,82.4,183.1
129,서산,9,20.7,26.1,16.1,144.4,78.1,190.8
129,서산,10,14.1,20.5,8.6,53.0,74.1,208.1
129,서산,11,7.4,13.0,2.2,54.1,73.4,155.7
129,서산,12,0.8,5.7,-3.7,34.2,72.0,147.9
130,울진,1,1.4,6.5,-2.9,48.9,50.2,200.8
130,울진,2,3.0,7.9,-1.6,36.9,54.6,189.4
130,울진,3,6.9,11.8,2.1,56.0,60.0,209.6
130,울진,4,12.1,17.2,7.1,76.4,62.7,223.9
130,울진,5,16.3,21.1,11.8,70.5,70.5,232.5
130,울진,6,19.4,23.3,16.0,104.3,80.4,196.9
130,울진,7,23.1,26.8,20.3,203.0,83.6,166.6
130,울진,8,23.9,27.5,21.1,213.0,84.0,175.8
130,울진,9,20.0,24.1,16.3,181.2,80.4,171.4
130,울진,10,15.1,20.1,10.4,97.3,69.7,198.8
130,울진,11,9.3,14.5,4.4,61.0,60.1,183.6
130,울진,12,3.6,8.9,-1.0,33.2,50.1,201.6
131,청주,1,-1.5,3.4,-5.8,20.6,63.5,166.9
131,청주,2,1.0,6.4,-3.8,29.0,58.6,176.9
131,청주,3,6.5,12.5,1.0,42.9,55.6,207.6
131,청주,4,13.0,19.6,7.0,75.5,53.4,220.0
131,청주,5,18.7,24.8,13.1,82.8,57.7,238.8
131,청주,6,23.0,28.2,18.4,140.0,64.5,196.5
131,청주,7,25.8,30.0,22.4,293.8,74.2,150.1
131,청주,8,26.2,30.6,22.6,274.2,73.1,173.1
131,청주,9,21.3,26.4,17.0,142.3,70.6,176.4
131,청주,10,14.6,20.7,9.4,58.0,66.8,204.1
131,청주,11,7.5,13.0,2.6,46.6,65.6,160.6
131,청주,12,0.6,5.4,-3.7,26.7,64.9,161.0
133,대전,1,-1.0,4.1,-5.5,25.5,65.3,168.2
133,대전,2,1.4,7.0,-3.6,37.2,60.3,176.2
133,대전,3,6.6,12.7,1.1,51.6,57.9,207.7
133,대전,4,13.0,19.4,6.9,81.6,56.9,220.5
133,대전,5,18.5,24.5,12.8,91.8,62.4,239.8
133,대전,6,22.7,27.9,18.1,167.3,69.8,198.5
133,대전,7,25.5,29.6,22.2,306.9,79.1,155.5
133,대전,8,26.0,30.3,22.5,299.8,78.2,177.0
133,대전,9,21.2,26.3,17.0,152.5,75.3,180.3
133,대전,10,14.6,20.8,9.4,59.3,71.8,205.1
133,대전,11,7.7,13.5,2.8,48.0,69.3,162.4
133,대전,12,1.0,6.2,-3.4,29.7,67.9,162.5
135,추풍령,1,-1.7,2.9,-6.1,24.1,60.6,176.1
135,추풍령,2,0.5,5.9,-4.5,34.2,57.2,179.3
135,추풍령,3,5.6,11.8,-0.3,52.9,55.6,206.7
135,추풍령,4,12.0,18.7,5.3,80.3,54.6,217.5
135,추풍령,5,17.1,23.7,10.7,80.1,61.3,234.6
135,추풍령,6,21.1,26.8,16.0,136.6,70.4,184.9
135,추풍령,7,23.9,28.7,20.3,260.7,79.4,145.9
135,추풍령,8,24.2,29.1,20.5,263.9,79.4,156.9
135,추풍령,9,19.3,25.0,14.6,135.6,77.1,167.1
135,추풍령,10,13.1,19.7,7.5,58.1,71.0,201.1
135,추풍령,11,6.6,12.5,1.3,43.0,65.9,167.2
135,추풍령,12,0.1,5.1,-4.4,25.8,62.8,168.7
136,안동,1,-1.8,4.0,-7.2,16.7,59.9,194.8
136,안동,2,0.8,7.0,-5.1,24.9,57.3,193.8
136,안동,3,6.0,12.6,-0.2,44.5,56.8,214.1
136,안동,4,12.4,19.5,5.5,74.0,55.4,222.3
136,안동,5,17.8,24.7,11.2,85.1,61.0,235.2
136,안동,6,21.9,27.9,16.5,123.1,68.8,200.4
136,안동,7,24.8,29.5,21.0,235.2,77.5,161.9
136,안동,8,25.1,30.1,21.2,226.4,77.7,172.8
136,안동,9,20.0,25.8,15.5,119.8,76.5,157.0
136,안동,10,13.5,20.5,8.0,46.5,72.7,188.5
136,안동,11,6.4,13.0,1.0,30.9,68.2,166.7
136,안동,12,-0.1,5.9,-5.3,18.6,62.7,185.1
137,상주,1,-0.9,3.9,-5.2,21.7,56.2,183.5
137,상주,2,1.4,7.1,-3.5,33.3,54.0,177.5
137,상주,3,6.8,13.2,1.0,46.9,52.4,213.7
137,상주,4,12.9,19.6,6.5,86.6,53.0,214.5
137,상주,5,18.6,25.3,12.4,87.6,59.1,241.9
137,상주,6,22.5,28.5,17.4,115.2,67.7,198.4
137,상주,7,24.9,29.5,21.3,279.3,80.0,143.1
137,상주,8,25.3,30.4,21.6,253.9,79.4,162.1
137,상주,9,20.1,25.9,15.8,138.5,79.2,148.5
137,상주,10,13.8,20.8,8.3,57.1,71.9,187.0
137,상주,11,7.2,13.1,2.1,35.2,65.2,161.0
137,상주,12,0.4,5.4,-3.9,23.3,59.7,174.1
138,포항,1,2.2,6.7,-1.5,39.8,48.8,191.4
138,포항,2,4.3,9.0,0.2,36.5,50.8,185.1
138,포항,3,8.6,13.3,4.2,60.5,55.4,203.8
138,포항,4,14.1,19.1,9.6,81.2,57.1,219.3
138,포항,5,18.6,23.5,14.4,84.6,64.1,230.9
138,포항,6,21.8,25.8,18.6,126.8,73.9,189.2
138,포항,7,25.4,29.0,22.5,200.6,78.3,168.5
138,포항,8,26.0,29.5,23.3,230.2,78.6,178.5
138,포항,9,21.9,25.5,18.9,189.3,75.3,160.9
138,포항,10,16.9,21.4,13.1,76.7,65.1,199.7
138,포항,11,10.6,15.4,6.6,40.1,57.4,185.0
138,포항,12,4.3,8.9,0.5,26.1,49.9,191.2
140,군산,1,-0.1,4.0,-3.8,28.2,71.2,159.5
140,군산,2,1.6,6.0,-2.4,35.9,69.7,172.5
140,군산,3,5.8,10.8,1.5,44.7,70.6,203.9
140,군산,4,11.5,16.9,6.9,81.6,71.5,215.0
140,군산,5,17.1,22.3,12.8,85.8,75.2,225.8
140,군산,6,21.6,26.1,18.1,142.2,80.1,187.5
140,군산,7,25.1,28.8,22.3,277.3,85.4,152.6
140,군산,8,25.9,29.9,22.8,266.5,83.2,188.9
140,군산,9,21.5,26.0,17.8,137.5,79.4,189.7
140,군산,10,15.3,20.5,10.9,55.2,74.0,207.2
140,군산,11,8.7,13.4,4.6,53.9,72.0,163.0
140,군산,12,2.2,6.4,-1.5,37.2,71.7,151.9
143,대구,1,1.1,5.9,-2.9,,,
143,대구,2,3.5,8.8,-1.1,,,
143,대구,3,8.4,14.2,3.3,,,
143,대구,4,14.5,20.6,8.8,,,
143,대구,5,19.7,25.7,14.1,,,
143,대구,6,23.4,28.7,18.8,,,
143,대구,7,26.3,30.8,22.8,,,
143,대구,8,26.7,31.3,23.1,,,
143,대구,9,22.1,27.0,18.0,,,
143,대구,10,16.2,22.0,11.4,,,
143,대구,11,9.4,14.9,4.8,,,
143,대구,12,3.0,7.9,-1.2,,,
152,울산,1,2.4,7.4,-1.8,38.6,48.5,192.8
152,울산,2,4.3,9.6,-0.3,39.9,50.5,184.4
152,울산,3,8.4,13.7,3.5,68.4,56.1,200.9
152,울산,4,13.7,19.3,8.5,96.9,59.1,213.1
152,울산,5,18.2,23.7,13.4,107.4,64.6,221.4
152,울산,6,21.6,26.1,17.7,155.5,73.5,171.9
152,울산,7,25.2,29.2,22.1,234.1,78.6,155.7
152,울산,8,26.0,30.0,22.8,234.1,77.7,175.8
152,울산,9,21.7,26.0,18.2,170.3,75.8,159.0
152,울산,10,16.5,21.8,12.1,74.8,67.1,196.4
152,울산,11,10.4,15.9,5.7,44.2,60.0,183.6
152,울산,12,4.3,9.6,-0.1,28.4,50.9,194.5
155,창원,1,2.6,7.1,-1.2,29.6,47.8,189.2
155,창원,2,4.6,9.4,0.3,46.0,49.1,188.9
155,창원,3,8.7,13.8,4.4,78.5,54.8,205.2
155,창원,4,13.8,19.1,9.4,133.8,59.3,212.3
155,창원,5,18.5,23.7,14.2,146.4,65.7,223.1
155,창원,6,21.8,26.1,18.5,190.7,74.6,170.5
155,창원,7,25.3,29.0,22.6,304.5,81.0,145.0
155,창원,8,26.5,30.4,23.6,283.8,77.1,174.2
155,창원,9,22.6,26.9,19.3,172.9,71.4,163.7
155,창원,10,17.3,22.2,13.3,72.3,62.5,207.9
155,창원,11,10.9,15.6,6.8,47.9,57.2,183.3
155,창원,12,4.6,9.2,0.6,27.7,50.3,186.9
156,광주,1,1.0,5.7,-2.7,32.6,65.7,161.4
156,광주,2,2.9,8.3,-1.5,43.6,61.6,170.5
156,광주,3,7.5,13.6,2.4,61.9,60.3,201.0
156,광주,4,13.4,19.9,7.8,86.6,60.2,214.1
156,광주,5,18.7,24.8,13.4,91.4,64.5,227.9
156,광주,6,22.7,27.9,18.7,152.6,72.0,169.9
156,광주,7,25.9,30.0,22.8,294.2,79.8,143.1
156,광주,8,26.5,30.9,23.2,326.4,78.0,169.0
156,광주,9,22.2,27.1,18.2,145.0,73.6,174.4
156,광주,10,16.1,21.9,11.2,59.0,67.6,208.5
156,광주,11,9.6,15.0,5.0,50.2,66.9,167.4
156,광주,12,3.2,8.0,-0.8,37.1,66.9,156.9
159,부산,1,3.6,8.2,-0.1,34.5,46.8,203.1
159,부산,2,5.4,10.2,1.5,49.6,49.4,189.4
159,부산,3,9.1,13.8,5.3,89.7,56.0,202.0
159,부산,4,13.8,18.2,10.1,140.9,61.1,212.6
159,부산,5,17.9,22.0,14.6,155.9,68.3,228.5
159,부산,6,21.0,24.6,18.3,188.4,76.8,180.3
159,부산,7,24.4,27.5,22.1,326.8,83.4,172.3
159,부산,8,26.1,29.5,23.7,266.5,78.5,199.2
159,부산,9,22.6,26.4,19.8,160.6,72.6,173.8
159,부산,10,17.9,22.5,14.5,79.6,62.7,212.1
159,부산,11,11.9,16.6,8.3,50.4,56.3,195.5
159,부산,12,5.8,10.4,2.0,33.8,48.1,205.6
162,통영,1,3.1,7.9,-0.8,32.2,53.7,196.8
162,통영,2,4.8,9.6,0.6,49.5,55.3,189.2
162,통영,3,8.7,13.3,4.5,92.4,60.7,202.8
162,통영,4,13.3,17.9,9.2,138.8,65.6,209.0
162,통영,5,17.6,22.1,13.9,159.6,72.1,221.4
162,통영,6,20.9,24.8,18.0,195.8,79.4,174.4
162,통영,7,24.4,27.6,22.0,289.1,84.9,154.6
162,통영,8,26.0,29.6,23.4,243.9,81.0,186.2
162,통영,9,22.5,26.7,19.4,177.1,75.3,170.3
162,통영,10,17.4,22.3,13.6,76.4,67.3,210.9
162,통영,11,11.3,16.2,7.3,48.6,63.5,190.4
162,통영,12,5.4,10.2,1.3,32.4,56.0,199.8
165,목포,1,1.8,5.8,-1.3,31.8,70.8,147.3
165,목포,2,3.0,7.6,-0.6,36.8,70.0,161.2
165,목포,3,6.9,11.9,2.9,64.9,69.1,195.4
165,목포,4,12.4,17.5,8.2,80.3,69.7,212.1
165,목포,5,17.5,22.3,13.5,91.3,73.8,223.3
165,목포,6,21.6,25.7,18.5,150.2,79.8,174.5
165,목포,7,25.1,28.4,22.7,220.7,85.1,159.8
165,목포,8,26.3,30.0,23.5,209.0,81.8,200.8
165,목포,9,22.3,26.5,19.0,137.7,77.1,184.7
165,목포,10,16.6,21.5,12.7,58.9,70.6,211.3
165,목포,11,10.4,14.9,6.6,48.9,69.5,166.6
165,목포,12,4.2,8.3,0.7,37.2,70.0,143.8
168,여수,1,2.8,6.6,-0.3,24.5,53.0,193.3
168,여수,2,4.4,8.5,0.9,44.6,53.1,191.6
168,여수,3,8.3,12.4,4.8,83.9,57.4,209.8
168,여수,4,13.3,17.4,9.9,125.2,61.8,215.4
168,여수,5,17.9,21.7,14.7,143.5,68.1,227.7
168,여수,6,21.2,24.4,18.8,194.3,77.9,175.1
168,여수,7,24.5,27.3,22.5,276.8,84.5,163.0
168,여수,8,26.0,28.9,23.8,264.8,79.4,197.4
168,여수,9,22.6,25.8,20.0,151.7,71.7,181.1
168,여수,10,17.5,21.3,14.5,66.6,62.5,219.2
168,여수,11,11.3,15.1,8.2,46.8,59.5,189.8
168,여수,12,5.1,8.9,2.0,26.4,54.8,197.8
169,흑산도,1,3.4,5.5,1.5,23.0,69.3,103.9
169,흑산도,2,3.8,6.5,1.8,32.8,71.1,140.6
169,흑산도,3,6.5,9.9,3.9,50.8,73.3,199.9
169,흑산도,4,10.7,14.5,7.8,88.8,77.3,205.2
169,흑산도,5,15.2,19.1,12.3,96.7,81.2,200.3
169,흑산도,6,19.2,22.8,16.6,157.5,88.3,158.5
169,흑산도,7,22.9,25.9,20.6,208.1,92.9,118.3
169,흑산도,8,24.7,27.9,22.5,211.2,89.3,187.1
169,흑산도,9,21.3,24.1,19.4,120.5,84.4,185.1
169,흑산도,10,16.9,19.4,15.1,58.7,75.2,204.0
169,흑산도,11,11.5,14.0,9.5,46.1,71.5,147.1
169,흑산도,12,5.9,8.2,3.9,33.1,68.9,109.0
170,완도,1,2.7,6.3,-0.4,34.0,65.1,149.0
170,완도,2,3.9,8.3,0.2,52.6,64.0,161.6
170,완도,3,7.8,12.6,3.6,103.7,64.3,189.6
170,완도,4,12.9,17.9,8.5,141.7,65.8,203.7
170,완도,5,17.6,22.5,13.4,147.0,70.8,214.3
170,완도,6,21.2,25.4,17.9,207.2,79.5,162.3
170,완도,7,24.7,28.3,22.1,257.2,85.0,150.4
170,완도,8,26.0,29.8,23.2,238.8,82.6,175.5
170,완도,9,22.3,26.6,19.0,176.4,77.2,167.6
170,완도,10,16.9,21.6,13.0,73.0,69.3,206.5
170,완도,11,10.8,15.2,7.0,62.7,68.6,162.0
170,완도,12,4.9,8.8,1.4,37.2,66.6,149.9
172,고창,1,0.0,4.5,-4.4,31.1,77.7,149.9
172,고창,2,1.8,7.0,-2.8,33.1,74.6,155.8
172,고창,3,6.3,12.6,0.6,47.0,72.8,220.9
172,고창,4,11.9,18.4,6.0,83.8,73.5,217.3
172,고창,5,17.9,24.3,12.2,69.6,75.0,243.2
172,고창,6,22.0,27.2,18.0,89.0,82.3,179.5
172,고창,7,25.6,29.7,22.6,284.6,86.6,150.6
172,고창,8,26.3,30.8,22.8,285.2,85.1,184.0
172,고창,9,21.0,26.4,16.6,123.8,84.6,177.3
172,고창,10,14.8,21.0,9.5,76.1,80.0,199.1
172,고창,11,9.1,14.4,4.2,59.1,77.8,145.6
172,고창,12,2.1,6.6,-2.0,43.1,77.5,133.2
184,제주,1,6.1,8.6,3.7,67.5,64.0,70.2
184,제주,2,6.8,9.9,4.0,57.2,63.3,110.0
184,제주,3,9.8,13.3,6.6,90.6,63.2,166.0
184,제주,4,14.2,18.0,10.8,89.7,64.8,196.5
184,제주,5,18.3,22.1,15.0,95.6,68.4,212.2
184,제주,6,21.7,24.9,19.1,171.2,77.9,159.7
184,제주,7,26.2,29.3,23.7,210.2,78.3,189.8
184,제주,8,27.2,30.1,24.8,272.3,76.2,195.1
184,제주,9,23.3,26.1,20.9,227.8,73.7,158.9
184,제주,10,18.6,21.6,15.7,95.1,66.4,173.3
184,제주,11,13.3,16.4,10.4,69.5,65.0,123.7
184,제주,12,8.3,11.0,5.6,55.6,64.1,79.1
185,고산,1,6.1,8.4,3.8,40.6,66.9,95.4
185,고산,2,6.6,9.4,4.1,47.8,68.0,131.0
185,고산,3,9.4,12.5,6.5,76.2,69.9,175.4
185,고산,4,13.4,16.7,10.5,94.7,74.2,196.3
185,고산,5,17.1,20.4,14.3,117.7,80.2,205.3
185,고산,6,20.7,23.7,18.4,158.1,86.2,156.0
185,고산,7,24.9,27.4,22.9,167.7,89.2,172.6
185,고산,8,26.4,29.3,24.1,201.9,83.9,219.7
185,고산,9,23.0,26.1,20.6,120.4,77.8,187.4
185,고산,10,18.5,21.4,15.9,56.9,69.7,206.6
185,고산,11,13.5,16.4,10.9,60.2,67.9,150.7
185,고산,12,8.5,11.0,5.9,40.7,66.5,106.3
188,성산,1,5.4,8.9,2.1,77.5,67.4,128.6
188,성산,2,6.3,10.1,2.5,83.2,65.5,145.5
188,성산,3,9.5,13.6,5.2,139.4,65.4,181.5
188,성산,4,13.8,18.0,9.4,161.3,67.4,198.0
188,성산,5,17.7,21.9,13.7,178.0,72.2,208.7
188,성산,6,20.9,24.2,17.9,231.9,82.6,141.1
188,성산,7,25.1,28.1,22.6,271.3,85.6,160.3
188,성산,8,26.5,29.7,23.9,343.2,81.5,192.6
188,성산,9,23.2,26.5,20.2,248.6,76.3,167.2
188,성산,10,18.2,22.0,14.5,114.0,69.4,192.0
188,성산,11,12.7,16.7,8.8,102.8,68.7,156.7
188,성산,12,7.5,11.2,3.9,78.8,67.7,134.7
189,서귀포,1,7.2,10.8,4.1,60.7,63.0,153.5
189,서귀포,2,8.2,11.8,4.8,77.9,62.5,157.4
189,서귀포,3,11.0,14.7,7.5,130.3,62.4,185.8
189,서귀포,4,15.0,18.6,11.6,187.0,65.2,196.5
189,서귀포,5,18.8,22.3,15.8,223.6,70.6,203.5
189,서귀포,6,21.8,24.7,19.5,267.6,80.7,136.3
189,서귀포,7,25.7,28.3,23.8,275.8,86.1,144.8
189,서귀포,8,27.2,30.1,24.9,315.7,80.9,187.7
189,서귀포,9,24.1,27.4,21.5,208.8,73.6,174.7
189,서귀포,10,19.6,23.5,16.4,100.4,64.8,208.8
189,서귀포,11,14.6,18.4,11.2,86.2,64.7,166.8
189,서귀포,12,9.4,13.1,6.2,55.6,63.2,158.8
192,진주,1,0.3,7.2,-5.5,28.0,58.1,194.6
192,진주,2,2.6,9.6,-3.7,45.6,56.5,191.0
192,진주,3,7.3,14.2,0.6,77.6,58.9,210.5
192,진주,4,12.9,19.9,6.0,126.4,61.5,215.0
192,진주,5,18.0,24.6,11.6,137.3,66.5,225.8
192,진주,6,21.8,27.4,17.2,174.3,73.4,169.4
192,진주,7,25.3,29.6,21.9,312.2,80.1,155.0
192,진주,8,25.9,30.6,22.2,296.8,78.4,173.7
192,진주,9,21.4,26.9,16.7,180.7,75.6,167.3
192,진주,10,15.0,22.3,8.9,68.3,71.1,210.7
192,진주,11,8.2,15.6,2.0,44.7,67.9,184.6
192,진주,12,2.1,9.2,-3.8,26.1,61.4,194.9
201,강화,1,-3.2,1.7,-8.1,15.6,63.6,186.2
201,강화,2,-0.7,4.5,-5.8,22.5,61.0,186.5
201,강화,3,4.6,9.8,-0.6,31.4,61.4,217.0
201,강화,4,10.7,16.2,5.3,64.9,62.4,221.7
201,강화,5,16.0,21.4,11.0,110.9,68.6,235.3
201,강화,6,20.5,25.4,16.3,110.0,75.1,208.5
201,강화,7,23.7,27.6,20.6,355.6,82.8,153.0
201,강화,8,24.7,29.0,21.2,300.4,79.9,184.9
201,강화,9,20.2,25.5,15.6,131.5,73.8,203.8
201,강화,10,13.7,19.5,8.1,55.8,68.9,214.3
201,강화,11,6.3,11.5,1.2,46.3,67.8,166.0
201,강화,12,-0.9,3.9,-5.7,21.3,65.4,171.8
202,양평,1,-3.4,2.3,-8.6,17.2,66.9,173.2
202,양평,2,-0.5,5.6,-6.1,28.0,63.1,177.2
202,양평,3,5.4,11.9,-0.7,38.0,59.8,206.5
202,양평,4,12.0,19.2,5.1,72.5,58.0,212.2
202,양평,5,17.6,24.5,11.2,94.4,64.4,230.8
202,양평,6,22.2,28.3,16.9,134.2,69.4,207.1
202,양평,7,24.9,29.6,21.2,409.0,79.3,150.3
202,양평,8,25.2,30.3,21.3,330.9,79.3,170.9
202,양평,9,20.0,26.2,15.4,144.5,77.3,181.2
202,양평,10,13.0,20.2,7.6,47.1,75.4,191.6
202,양평,11,5.7,11.9,0.6,46.4,71.5,154.0
202,양평,12,-1.3,4.1,-6.0,21.4,69.3,160.9
203,이천,1,-3.1,2.7,-8.5,19.2,63.3,170.8
203,이천,2,-0.3,6.0,-6.1,29.6,59.4,174.3
203,이천,3,5.4,12.2,-0.9,42.9,56.8,202.4
203,이천,4,11.9,19.3,5.0,78.5,55.2,214.9
203,이천,5,17.6,24.4,11.2,93.2,60.8,232.0
203,이천,6,22.0,27.9,16.7,128.2,66.7,203.3
203,이천,7,24.7,29.4,20.9,364.3,77.1,150.0
203,이천,8,25.0,30.2,21.1,288.0,76.8,170.4
203,이천,9,19.8,26.0,15.0,153.1,74.3,173.7
203,이천,10,13.0,20.4,7.0,50.9,70.8,189.9
203,이천,11,5.8,12.1,0.2,45.1,67.9,153.2
203,이천,12,-1.2,4.4,-6.3,22.9,66.3,161.3
211,인제,1,-4.7,1.5,-10.4,16.6,65.0,158.8
211,인제,2,-1.8,4.7,-7.7,22.8,61.1,158.3
211,인제,3,4.0,10.5,-1.9,32.1,58.4,187.5
211,인제,4,10.6,17.8,3.8,69.8,56.4,199.4
211,인제,5,16.1,23.2,9.6,92.6,63.7,215.6
211,인제,6,20.4,27.0,15.1,116.8,69.7,199.2
211,인제,7,23.3,28.2,19.6,332.4,78.5,144.9
211,인제,8,23.4,28.8,19.7,287.6,79.0,159.7
211,인제,9,18.4,24.7,14.0,127.4,76.8,165.0
211,인제,10,11.8,19.1,6.4,44.8,72.9,166.9
211,인제,11,4.8,11.0,-0.4,40.9,69.0,136.1
211,인제,12,-2.1,3.5,-7.3,20.8,67.3,147.1
212,홍천,1,-4.8,2.1,-10.5,15.8,65.8,163.8
212,홍천,2,-1.7,5.4,-7.7,26.2,61.9,169.9
212,홍천,3,4.4,11.7,-2.0,36.7,58.0,196.8
212,홍천,4,11.2,19.1,3.8,74.8,55.5,209.2
212,홍천,5,16.9,24.5,10.0,101.3,60.8,228.9
212,홍천,6,21.6,28.4,16.0,124.9,66.0,205.8
212,홍천,7,24.5,29.8,20.5,395.7,76.0,150.6
212,홍천,8,24.7,30.4,20.6,312.5,75.9,168.0
212,홍천,9,19.2,26.0,14.5,141.3,74.5,170.4
212,홍천,10,12.0,20.0,6.6,49.7,72.0,175.9
212,홍천,11,4.6,11.5,-0.6,40.9,69.1,144.7
212,홍천,12,-2.6,3.7,-7.6,19.1,68.1,150.0
216,태백,1,-4.7,0.7,-9.6,26.6,59.1,174.9
216,태백,2,-2.5,3.1,-7.8,28.8,58.4,178.3
216,태백,3,2.4,7.9,-2.9,54.8,59.2,202.7
216,태백,4,8.9,15.1,2.9,85.8,55.4,207.2
216,태백,5,14.5,20.8,8.4,90.2,59.4,232.9
216,태백,6,18.1,24.0,12.9,140.4,71.2,192.7
216,태백,7,21.4,25.9,17.7,274.2,78.3,143.8
216,태백,8,21.3,26.0,17.7,278.7,79.9,141.7
216,태백,9,16.2,21.5,11.7,198.4,79.3,147.4
216,태백,10,10.5,16.8,5.0,65.5,70.5,178.7
216,태백,11,4.2,9.9,-0.9,45.2,63.6,159.6
216,태백,12,-2.3,3.0,-7.1,19.4,58.4,169.8
217,정선군,1,-4.0,1.8,-9.1,17.5,59.7,155.0
217,정선군,2,-1.3,5.0,-6.7,35.7,58.1,159.5
217,정선군,3,4.6,11.4,-1.4,37.0,56.1,187.4
217,정선군,4,10.6,17.7,4.1,81.4,56.7,189.7
217,정선군,5,16.9,24.5,10.1,66.8,59.7,225.2
217,정선군,6,20.9,28.0,15.5,107.4,67.5,192.6
217,정선군,7,23.6,29.0,19.9,332.7,78.8,127.7
217,정선군,8,24.0,29.7,20.3,202.7,79.4,134.8
217,정선군,9,18.4,24.6,14.6,119.2,78.4,121.4
217,정선군,10,12.0,19.1,7.3,57.9,73.2,142.0
217,정선군,11,5.3,11.4,0.7,47.3,67.8,123.9
217,정선군,12,-2.4,3.1,-7.0,21.0,63.1,136.1
221,제천,1,-4.8,1.6,-10.8,20.3,68.1,175.1
221,제천,2,-1.9,4.8,-8.3,32.2,64.4,174.4
221,제천,3,3.8,10.8,-2.9,49.7,61.3,201.0
221,제천,4,10.5,18.1,2.9,85.1,57.0,213.3
221,제천,5,16.2,23.4,9.2,96.9,62.4,236.0
221,제천,6,20.8,27.1,15.2,147.5,68.1,208.4
221,제천,7,23.5,28.6,19.7,356.0,77.6,151.4
221,제천,8,23.8,29.3,19.8,300.9,76.7,166.1
221,제천,9,18.5,25.1,13.3,145.3,75.6,168.0
221,제천,10,11.5,19.5,5.1,57.4,73.0,192.3
221,제천,11,4.4,11.4,-1.6,43.4,70.7,157.6
221,제천,12,-2.6,3.7,-8.3,24.6,70.3,164.4
226,보은,1,-2.9,3.2,-8.4,23.4,66.6,167.0
226,보은,2,-0.6,6.0,-6.6,33.0,63.1,178.0
226,보은,3,4.8,11.9,-1.8,47.5,59.9,211.5
226,보은,4,11.2,18.8,3.7,82.2,58.2,223.6
226,보은,5,16.7,23.8,9.8,92.8,62.8,243.9
226,보은,6,21.1,27.1,15.7,156.4,69.2,206.0
226,보은,7,24.0,28.9,20.3,306.0,76.8,159.5
226,보은,8,24.3,29.5,20.4,296.6,77.4,177.4
226,보은,9,19.1,25.4,14.0,137.4,76.7,178.5
226,보은,10,12.2,20.1,6.0,56.6,73.9,195.5
226,보은,11,5.6,12.8,-0.3,45.2,70.5,158.4
226,보은,12,-1.0,5.3,-6.4,28.2,68.9,157.8
232,천안,1,-2.4,3.0,-7.5,19.0,68.5,167.2
232,천안,2,0.0,5.8,-5.4,27.0,63.8,178.4
232,천안,3,5.3,11.8,-0.8,38.3,61.1,211.6
232,천안,4,11.7,18.7,4.9,67.5,58.2,221.5
232,천안,5,17.5,24.1,11.4,78.7,62.3,241.5
232,천안,6,21.8,27.5,16.8,127.0,69.1,207.3
232,천안,7,24.9,29.5,21.2,284.1,77.2,160.5
232,천안,8,25.2,30.2,21.3,299.7,76.7,184.0
232,천안,9,20.2,26.1,15.2,146.4,74.0,179.8
232,천안,10,13.4,20.4,7.4,55.5,71.2,204.8
232,천안,11,6.5,12.8,1.0,47.6,70.0,159.2
232,천안,12,-0.2,5.2,-5.1,27.9,69.5,155.5
235,보령,1,-0.2,4.2,-4.4,22.6,69.0,160.8
235,보령,2,1.2,6.2,-3.3,30.2,67.3,175.8
235,보령,3,5.5,10.8,0.4,42.0,67.4,217.1
235,보령,4,11.1,16.7,5.7,72.7,67.4,225.9
235,보령,5,16.5,21.9,11.7,87.5,72.0,237.8
235,보령,6,21.1,25.7,17.1,134.0,77.4,203.7
235,보령,7,24.8,28.4,21.9,248.1,83.8,162.3
235,보령,8,25.7,29.8,22.3,270.3,80.8,193.8
235,보령,9,21.2,26.2,16.9,135.4,76.3,203.1
235,보령,10,15.1,20.7,10.1,59.9,71.6,211.5
235,보령,11,8.6,13.7,4.1,53.7,69.5,165.7
235,보령,12,2.1,6.7,-2.0,35.0,69.2,153.5
236,부여,1,-1.5,4.4,-6.6,24.9,70.9,164.4
236,부여,2,0.7,7.2,-4.9,37.6,65.6,173.6
236,부여,3,5.7,12.7,-0.6,50.9,64.1,209.6
236,부여,4,11.8,19.3,4.9,85.3,63.0,222.5
236,부여,5,17.6,24.5,11.4,97.5,66.9,236.5
236,부여,6,22.1,28.0,17.2,157.1,72.1,199.3
236,부여,7,25.3,29.8,21.8,295.7,79.8,157.7
236,부여,8,25.7,30.8,21.9,284.8,78.5,184.5
236,부여,9,20.7,26.9,15.9,146.0,75.8,187.2
236,부여,10,13.8,21.4,7.7,63.6,74.0,198.8
236,부여,11,6.9,13.8,1.4,51.8,73.1,155.6
236,부여,12,0.4,6.5,-4.5,31.4,73.2,153.3
238,금산,1,-2.4,4.0,-7.9,25.5,69.8,166.9
238,금산,2,0.0,6.8,-6.0,37.9,64.7,177.6
238,금산,3,5.2,12.5,-1.5,52.3,61.1,212.2
238,금산,4,11.6,19.3,4.0,84.7,58.8,222.0
238,금산,5,17.1,24.4,10.1,81.6,62.8,242.8
238,금산,6,21.6,27.8,16.1,161.8,68.7,197.8
238,금산,7,24.8,29.8,20.8,297.8,75.9,159.6
238,금산,8,24.9,30.3,20.9,284.3,75.7,169.9
238,금산,9,19.7,26.2,14.8,130.5,74.8,168.7
238,금산,10,12.8,20.8,6.9,55.7,73.4,183.7
238,금산,11,6.1,13.6,0.2,47.2,71.6,155.7
238,금산,12,-0.4,6.2,-5.8,29.3,71.6,157.9
243,부안,1,-0.2,4.5,-4.5,31.7,74.3,150.2
243,부안,2,1.6,6.7,-2.9,36.4,70.9,167.5
243,부안,3,5.9,11.8,0.7,47.3,68.9,210.5
243,부안,4,11.5,17.9,6.0,80.0,67.9,225.9
243,부안,5,17.1,23.2,12.0,84.9,70.4,241.0
243,부안,6,21.5,26.6,17.6,131.8,75.8,198.4
243,부안,7,25.3,29.7,22.0,275.5,80.4,172.1
243,부안,8,25.9,30.6,22.3,260.3,79.0,200.2
243,부안,9,21.2,26.6,16.7,139.4,76.8,196.3
243,부안,10,14.9,21.1,9.4,56.0,73.0,202.7
243,부안,11,8.5,14.1,3.5,52.3,71.9,156.5
243,부안,12,2.1,7.0,-2.4,42.4,74.2,138.3
244,임실,1,-2.5,3.8,-8.0,28.5,73.4,154.3
244,임실,2,-0.3,6.5,-6.2,36.9,68.6,168.8
244,임실,3,4.6,12.1,-2.0,53.8,65.8,203.1
244,임실,4,10.7,18.7,3.2,83.6,63.3,219.8
244,임실,5,16.3,23.7,9.3,85.9,66.7,234.2
244,임실,6,20.8,27.1,15.5,142.4,72.9,179.9
244,임실,7,24.1,29.1,20.5,312.0,79.3,148.5
244,임실,8,24.4,29.8,20.4,312.1,78.8,169.0
244,임실,9,19.5,26.0,14.4,138.3,76.9,175.1
244,임실,10,12.5,20.6,6.2,58.1,74.4,190.7
244,임실,11,6.0,13.4,-0.1,50.7,73.5,155.7
244,임실,12,-0.4,6.0,-5.9,33.3,74.2,143.5
245,정읍,1,-0.2,4.5,-4.4,36.5,73.2,138.2
245,정읍,2,1.7,7.1,-2.9,39.0,67.9,159.0
245,정읍,3,6.4,12.7,1.0,56.0,64.2,197.0
245,정읍,4,12.4,19.3,6.4,82.5,61.5,215.3
245,정읍,5,18.0,24.5,12.2,87.2,63.8,227.3
245,정읍,6,22.2,27.9,17.5,136.1,70.9,176.1
245,정읍,7,25.7,30.3,22.2,284.0,77.1,152.9
245,정읍,8,26.1,31.1,22.3,298.1,76.6,168.9
245,정읍,9,21.4,26.9,16.9,148.5,75.0,179.9
245,정읍,10,15.1,21.3,9.8,61.0,71.7,190.6
245,정읍,11,8.6,14.2,3.7,55.6,71.5,151.4
245,정읍,12,2.1,6.9,-2.2,45.3,73.1,131.4
247,남원,1,-1.3,5.0,-6.6,28.5,70.2,163.6
247,남원,2,0.9,7.9,-5.0,39.4,65.6,175.4
247,남원,3,5.9,13.4,-0.8,56.7,63.3,209.5
247,남원,4,11.9,19.8,4.4,81.8,61.9,221.9
247,남원,5,17.6,24.8,10.7,90.5,65.0,235.7
247,남원,6,22.1,28.0,16.9,157.3,71.4,188.2
247,남원,7,25.2,30.0,21.4,303.2,78.9,159.8
247,남원,8,25.4,30.7,21.4,313.3,78.2,180.4
247,남원,9,20.6,27.0,15.6,144.2,75.4,179.2
247,남원,10,13.6,21.6,7.3,63.0,73.3,196.9
247,남원,11,6.9,14.4,0.9,45.3,72.7,163.2
247,남원,12,0.6,7.1,-4.7,30.0,72.7,155.7
248,장수,1,-3.0,3.0,-8.6,31.9,72.2,155.4
248,장수,2,-0.8,5.8,-6.6,45.5,69.2,169.6
248,장수,3,4.3,11.2,-2.0,64.5,66.7,201.2
248,장수,4,10.5,17.8,3.2,96.6,64.3,213.5
248,장수,5,16.0,22.7,9.2,100.5,67.7,229.1
248,장수,6,20.1,25.9,15.0,164.9,75.3,177.5
248,장수,7,23.3,27.9,19.5,339.7,81.3,139.5
248,장수,8,23.4,28.6,19.4,336.5,81.4,153.2
248,장수,9,18.3,24.8,13.2,153.8,80.4,157.0
248,장수,10,11.6,19.6,5.3,63.6,77.0,179.5
248,장수,11,5.4,12.5,-0.6,52.1,75.2,152.2
248,장수,12,-0.8,5.3,-6.2,36.4,74.0,143.8
252,영광군,1,-0.4,4.2,-4.7,32.7,71.4,151.8
252,영광군,2,1.5,6.4,-3.2,38.4,67.7,158.5
252,영광군,3,6.0,11.8,0.5,58.2,67.4,219.2
252,영광군,4,11.4,17.7,5.7,90.1,68.2,222.4
252,영광군,5,17.5,23.7,11.9,93.8,70.7,244.7
252,영광군,6,21.8,26.9,17.8,104.7,77.4,185.5
252,영광군,7,25.7,29.7,22.6,259.9,83.1,159.8
252,영광군,8,26.4,30.9,23.0,286.7,80.8,198.1
252,영광군,9,21.4,26.7,17.2,134.8,79.6,195.4
252,영광군,10,15.2,21.2,9.9,75.0,74.4,213.7
252,영광군,11,8.8,14.3,3.8,57.3,72.3,163.0
252,영광군,12,1.9,6.6,-2.5,46.2,71.6,140.8
253,김해시,1,2.1,7.4,-2.2,26.4,46.1,211.3
253,김해시,2,5.1,10.4,0.5,52.1,50.8,185.6
253,김해시,3,9.3,14.9,4.4,84.6,55.3,216.2
253,김해시,4,14.2,19.9,9.4,128.4,57.8,222.4
253,김해시,5,19.5,25.2,14.9,110.6,62.2,247.0
253,김해시,6,22.7,27.7,19.0,140.8,71.8,196.0
253,김해시,7,26.0,30.2,23.0,291.1,79.0,174.7
253,김해시,8,27.3,31.9,24.1,188.0,75.4,203.3
253,김해시,9,22.7,27.8,19.0,184.9,73.2,173.7
253,김해시,10,17.4,23.1,13.1,89.8,64.3,208.4
253,김해시,11,11.0,16.5,6.5,47.0,58.7,188.9
253,김해시,12,4.0,9.1,-0.4,32.1,49.6,206.6
254,순창군,1,-1.5,4.4,-6.6,25.9,70.7,168.4
254,순창군,2,1.4,7.5,-3.9,46.7,65.3,170.6
254,순창군,3,6.3,13.1,-0.1,62.1,61.9,220.1
254,순창군,4,12.0,19.2,5.2,104.8,62.2,218.9
254,순창군,5,18.1,25.2,11.4,87.3,64.8,252.3
254,순창군,6,22.4,28.3,17.4,122.3,70.9,198.6
254,순창군,7,25.4,30.0,21.8,366.6,79.5,159.8
254,순창군,8,26.0,31.1,22.1,336.1,78.6,183.8
254,순창군,9,20.8,26.8,16.2,137.8,77.3,177.9
254,순창군,10,14.2,21.3,8.5,88.6,74.5,202.3
254,순창군,11,7.6,14.1,2.2,59.2,74.0,159.7
254,순창군,12,0.5,6.2,-4.1,35.9,72.7,150.3
257,양산시,1,2.3,7.7,-2.4,27.0,48.7,203.9
257,양산시,2,4.6,9.9,-0.4,54.6,52.9,178.9
257,양산시,3,8.9,14.7,3.6,83.1,56.7,209.7
257,양산시,4,13.7,19.5,8.3,126.8,59.0,206.4
257,양산시,5,19.1,25.1,13.8,110.2,62.2,228.8
257,양산시,6,22.7,27.8,18.5,147.7,68.9,174.3
257,양산시,7,26.1,30.4,22.9,313.3,77.0,160.7
257,양산시,8,27.4,32.1,24.0,214.6,74.0,181.3
257,양산시,9,22.6,27.5,18.7,207.8,72.5,158.2
257,양산시,10,17.0,22.8,12.3,112.4,66.9,198.9
257,양산시,11,10.7,16.6,5.5,52.2,61.9,181.7
257,양산시,12,4.0,9.4,-0.8,33.6,52.8,193.6
259,강진군,1,1.1,6.1,-3.2,29.7,66.4,174.0
259,강진군,2,2.9,8.3,-1.8,44.7,64.6,162.3
259,강진군,3,7.1,13.3,1.4,80.4,64.8,210.9
259,강진군,4,12.3,18.4,6.4,124.9,66.4,214.7
259,강진군,5,18.0,23.9,12.4,122.9,69.1,239.8
259,강진군,6,22.0,26.6,18.3,156.6,76.6,176.5
259,강진군,7,25.2,29.1,22.4,233.7,82.8,153.4
259,강진군,8,26.4,30.6,23.0,277.2,81.7,192.0
259,강진군,9,21.6,26.9,17.4,164.3,79.2,178.1
259,강진군,10,15.7,22.0,10.4,106.3,71.8,208.1
259,강진군,11,9.6,15.6,4.5,64.9,70.5,165.3
259,강진군,12,3.1,8.2,-1.5,36.5,68.0,157.6
260,장흥,1,1.0,6.5,-3.9,28.2,67.0,161.7
260,장흥,2,2.6,8.8,-3.0,42.4,64.9,168.9
260,장흥,3,6.8,13.4,0.5,78.7,65.3,197.5
260,장흥,4,12.2,19.0,5.4,108.5,66.1,211.2
260,장흥,5,17.3,23.6,11.3,121.6,70.1,222.0
260,장흥,6,21.4,26.2,17.3,187.0,76.3,165.0
260,장흥,7,24.9,28.9,21.7,275.3,82.7,141.6
260,장흥,8,25.6,30.0,21.9,316.5,80.8,175.8
260,장흥,9,21.2,26.9,16.5,163.6,77.8,169.0
260,장흥,10,15.0,22.2,8.8,63.4,72.3,202.0
260,장흥,11,8.7,15.5,2.8,54.8,70.9,165.0
260,장흥,12,2.9,8.8,-2.4,31.8,68.9,157.0
261,해남,1,1.3,6.3,-3.3,30.4,69.8,157.4
261,해남,2,2.7,8.3,-2.7,39.3,68.4,166.1
261,해남,3,6.7,12.8,0.6,78.3,68.2,200.9
261,해남,4,12.1,18.5,5.6,94.5,68.2,216.4
261,해남,5,17.3,23.2,11.6,102.4,71.6,229.5
261,해남,6,21.5,26.4,17.5,160.9,76.5,179.4
261,해남,7,25.0,29.0,22.0,226.6,82.8,165.5
261,해남,8,25.9,30.4,22.2,248.4,80.7,200.6
261,해남,9,21.5,27.0,16.7,150.4,77.0,184.2
261,해남,10,15.4,22.0,9.0,65.1,71.8,206.8
261,해남,11,9.3,15.4,3.3,51.1,71.2,169.1
261,해남,12,3.3,8.8,-1.9,34.6,70.9,155.0
262,고흥,1,1.6,7.0,-3.3,25.9,62.8,166.3
262,고흥,2,3.2,9.2,-2.3,46.5,61.0,172.2
262,고흥,3,7.4,13.5,1.4,86.7,61.8,200.8
262,고흥,4,12.7,18.9,6.4,128.2,62.3,212.9
262,고흥,5,17.4,23.3,11.7,133.3,66.5,221.8
262,고흥,6,21.1,26.0,16.9,186.9,74.2,169.0
262,고흥,7,24.7,28.7,21.5,264.9,80.0,156.1
262,고흥,8,25.7,30.1,22.2,264.9,77.1,185.0
262,고흥,9,21.6,26.8,17.2,167.2,74.3,173.3
262,고흥,10,15.7,22.2,9.9,66.8,69.2,203.1
262,고흥,11,9.4,15.7,3.6,51.4,68.7,168.1
262,고흥,12,3.5,9.3,-1.8,26.6,65.4,167.3
263,의령군,1,-0.3,7.2,-6.4,22.5,64.1,198.3
263,의령군,2,2.3,9.7,-4.1,34.7,61.0,188.1
263,의령군,3,7.7,15.3,0.6,73.5,61.5,225.6
263,의령군,4,12.9,20.3,5.7,118.4,63.9,211.8
263,의령군,5,18.6,26.2,11.5,88.0,66.7,212.8
263,의령군,6,22.2,28.2,17.3,121.5,75.2,169.0
263,의령군,7,25.4,30.1,21.6,267.2,83.0,148.7
263,의령군,8,25.7,31.1,21.6,254.4,83.8,170.2
263,의령군,9,20.3,26.3,15.8,188.4,85.1,149.8
263,의령군,10,14.2,21.8,8.6,109.7,80.4,193.9
263,의령군,11,8.1,15.6,2.3,48.1,76.4,167.2
263,의령군,12,1.2,8.5,-4.5,28.6,68.2,187.7
264,함양군,1,-0.3,5.8,-5.7,22.8,64.0,179.7
264,함양군,2,1.8,8.4,-4.2,30.5,62.0,174.1
264,함양군,3,7.0,14.3,-0.1,60.5,61.8,226.1
264,함양군,4,12.4,19.7,5.1,104.7,64.7,207.0
264,함양군,5,18.0,25.5,10.5,64.4,68.6,249.2
264,함양군,6,22.0,28.2,16.6,114.0,77.3,178.7
264,함양군,7,25.2,30.4,21.1,285.1,84.6,147.4
264,함양군,8,25.4,31.2,21.3,289.1,84.9,165.2
264,함양군,9,19.9,26.3,15.0,165.1,85.1,150.2
264,함양군,10,13.6,21.6,7.6,115.6,80.3,184.2
264,함양군,11,7.8,15.0,1.9,50.9,74.9,149.7
264,함양군,12,1.2,7.4,-4.1,22.4,68.7,163.9
268,진도군,1,2.1,6.0,-1.8,31.9,,
268,진도군,2,3.3,7.8,-1.1,46.4,,
268,진도군,3,7.0,12.2,1.8,75.9,,
268,진도군,4,12.1,17.6,6.6,126.5,,
268,진도군,5,17.2,22.7,12.0,145.6,,
268,진도군,6,21.3,26.0,17.3,153.9,,
268,진도군,7,25.1,28.8,22.3,232.6,,
268,진도군,8,26.3,30.4,23.0,235.3,,
268,진도군,9,22.0,26.8,18.0,155.3,,
268,진도군,10,16.2,21.6,11.2,76.0,,
268,진도군,11,10.2,15.3,5.3,52.1,,
268,진도군,12,4.3,8.5,0.0,43.2,,
271,봉화,1,-4.0,3.0,-10.6,16.5,63.8,187.3
271,봉화,2,-1.6,5.9,-8.4,25.9,62.0,183.8
271,봉화,3,3.7,11.2,-3.2,46.6,62.0,203.5
271,봉화,4,9.9,18.1,1.9,80.7,59.9,215.4
271,봉화,5,15.5,23.3,7.7,101.5,65.2,234.5
271,봉화,6,19.6,26.6,13.4,143.2,71.0,196.0
271,봉화,7,22.8,28.0,18.5,277.7,79.7,145.1
271,봉화,8,22.9,28.6,18.5,246.8,79.9,155.8
271,봉화,9,17.8,24.5,12.4,135.1,78.0,152.8
271,봉화,10,11.1,19.5,4.4,48.1,74.7,176.9
271,봉화,11,4.2,12.1,-2.2,33.2,70.9,164.2
271,봉화,12,-2.1,5.1,-8.3,20.3,66.4,182.5
272,영주,1,-2.2,2.7,-7.3,18.4,59.2,185.2
272,영주,2,0.2,5.8,-5.4,30.2,56.2,187.4
272,영주,3,5.4,11.5,-0.6,53.3,55.5,211.5
272,영주,4,11.8,18.6,4.8,94.8,53.8,222.5
272,영주,5,17.2,23.9,10.5,118.5,59.7,247.0
272,영주,6,21.3,27.4,15.8,158.5,67.6,205.6
272,영주,7,24.0,28.9,20.1,298.8,77.2,147.7
272,영주,8,24.2,29.6,20.2,283.7,77.2,163.0
272,영주,9,19.3,25.5,14.2,154.1,75.0,169.8
272,영주,10,12.9,20.0,6.7,58.2,69.6,197.5
272,영주,11,6.1,12.2,0.4,42.2,65.4,167.7
272,영주,12,-0.4,4.8,-5.4,23.3,61.9,175.0
273,문경,1,-1.7,3.4,-6.3,18.9,56.0,167.6
273,문경,2,0.6,6.3,-4.7,29.7,53.6,183.6
273,문경,3,5.8,12.1,-0.1,48.7,54.0,200.4
273,문경,4,12.2,18.9,5.4,89.5,52.6,220.3
273,문경,5,17.3,24.0,10.6,108.1,60.2,241.7
273,문경,6,21.3,27.2,15.9,154.8,69.2,198.6
273,문경,7,23.9,28.8,20.2,309.5,80.1,148.9
273,문경,8,24.2,29.4,20.3,274.7,79.7,163.0
273,문경,9,19.2,25.3,14.5,138.4,76.9,171.2
273,문경,10,13.0,20.0,7.3,58.8,70.1,201.1
273,문경,11,6.4,12.4,1.1,40.9,63.9,163.4
273,문경,12,0.1,5.4,-4.7,22.9,58.5,161.2
276,청송군,1,-2.8,3.7,-8.8,16.8,59.1,184.1
276,청송군,2,-0.2,6.6,-6.4,24.1,58.8,175.4
276,청송군,3,5.2,12.9,-1.8,46.4,60.1,216.7
276,청송군,4,11.0,18.8,3.5,81.7,61.4,209.3
276,청송군,5,16.8,25.0,9.1,56.7,64.9,244.2
276,청송군,6,20.6,27.8,14.6,93.7,72.5,183.2
276,청송군,7,24.1,29.7,19.7,196.6,81.2,151.3
276,청송군,8,24.4,30.4,20.1,174.5,81.5,163.7
276,청송군,9,18.6,25.0,14.2,137.6,82.6,130.5
276,청송군,10,12.2,19.8,6.7,83.8,78.8,162.3
276,청송군,11,5.8,13.0,0.2,37.6,72.6,139.9
276,청송군,12,-1.2,5.1,-6.8,17.7,62.3,168.6
277,영덕,1,1.0,5.8,-3.1,37.4,51.8,195.3
277,영덕,2,2.9,8.1,-1.8,30.5,54.0,187.5
277,영덕,3,7.0,12.5,1.7,49.1,58.3,210.7
277,영덕,4,12.5,18.4,6.7,79.5,59.3,228.3
277,영덕,5,17.1,22.9,11.6,74.5,64.3,243.6
277,영덕,6,20.4,25.6,16.0,113.4,73.9,201.4
277,영덕,7,24.1,28.6,20.5,194.3,78.7,178.2
277,영덕,8,24.5,29.1,21.1,213.6,79.9,188.8
277,영덕,9,20.1,25.0,16.0,159.6,78.0,178.7
277,영덕,10,15.0,20.7,10.1,86.2,68.9,198.5
277,영덕,11,9.2,14.6,4.2,49.8,59.9,181.1
277,영덕,12,3.1,8.0,-1.2,24.3,51.5,190.3
278,의성,1,-3.0,4.8,-9.6,15.5,64.8,177.9
278,의성,2,-0.3,7.8,-7.5,22.6,61.3,180.3
278,의성,3,5.3,13.4,-2.2,41.5,60.1,202.2
278,의성,4,11.7,20.3,3.3,73.6,57.9,212.5
278,의성,5,17.1,25.4,9.0,78.6,62.1,234.6
278,의성,6,21.6,28.6,15.2,115.8,67.3,191.3
278,의성,7,24.8,30.5,20.3,221.4,76.2,155.0
278,의성,8,25.1,31.0,20.5,229.6,76.4,160.8
278,의성,9,19.8,26.6,14.4,124.3,76.3,149.8
278,의성,10,12.7,21.4,6.0,41.5,73.9,178.7
278,의성,11,5.5,14.0,-1.2,30.5,71.1,160.2
278,의성,12,-1.1,6.8,-7.5,16.3,67.3,171.0
279,구미,1,-0.6,4.9,-5.4,18.4,59.7,166.8
279,구미,2,1.8,7.9,-3.6,27.0,56.3,176.2
279,구미,3,7.1,13.6,0.9,47.7,54.7,203.8
279,구미,4,13.3,20.4,6.5,79.0,53.9,222.9
279,구미,5,18.6,25.4,12.0,78.7,59.4,239.0
279,구미,6,22.6,28.4,17.4,120.3,66.8,194.1
279,구미,7,25.3,30.2,21.4,233.9,76.8,164.2
279,구미,8,25.6,30.7,21.6,256.1,77.0,170.3
279,구미,9,20.6,26.4,16.0,147.6,75.6,165.6
279,구미,10,14.2,21.2,8.6,53.3,70.8,185.9
279,구미,11,7.4,13.9,2.0,32.8,67.1,156.7
279,구미,12,1.1,6.9,-3.7,18.3,62.9,158.6
281,영천,1,-0.5,5.5,-5.9,22.1,56.8,166.2
281,영천,2,1.7,8.3,-4.2,26.0,56.2,184.3
281,영천,3,6.6,13.6,0.0,50.0,57.0,211.1
281,영천,4,12.7,19.9,5.3,76.4,56.1,220.4
281,영천,5,17.8,24.9,10.8,85.8,60.3,234.3
281,영천,6,21.7,27.6,16.3,126.0,67.7,191.2
281,영천,7,25.0,29.9,21.0,229.8,74.7,163.4
281,영천,8,25.3,30.5,21.2,233.2,75.0,180.0
281,영천,9,20.4,26.2,15.5,137.6,74.2,162.0
281,영천,10,14.1,21.5,7.9,48.6,68.9,191.6
281,영천,11,7.3,14.6,1.1,31.6,65.0,155.7
281,영천,12,1.1,7.5,-4.4,18.8,59.9,153.2
283,경주시,1,0.3,5.9,-4.7,32.2,52.6,197.2
283,경주시,2,2.3,8.4,-3.1,30.8,56.7,179.1
283,경주시,3,7.4,14.4,1.0,59.7,58.3,226.7
283,경주시,4,12.7,19.7,6.0,96.1,60.3,218.8
283,경주시,5,18.4,25.7,11.7,55.3,63.5,240.0
283,경주시,6,21.9,27.7,17.0,100.6,72.6,182.1
283,경주시,7,25.4,30.6,21.4,190.1,78.4,162.9
283,경주시,8,25.9,31.4,21.9,191.9,79.8,180.9
283,경주시,9,20.5,26.2,16.2,194.1,81.3,147.5
283,경주시,10,14.8,21.6,9.3,108.2,75.1,178.5
283,경주시,11,8.7,15.3,3.0,37.8,67.5,161.8
283,경주시,12,1.9,7.7,-3.2,24.4,56.3,186.2
284,거창,1,-1.3,5.4,-7.3,23.7,62.3,190.6
284,거창,2,0.9,8.1,-5.5,34.1,59.1,192.3
284,거창,3,5.9,13.3,-1.0,55.4,58.5,214.0
284,거창,4,11.9,19.5,4.4,84.8,58.8,225.5
284,거창,5,17.1,24.5,9.8,88.7,64.3,241.7
284,거창,6,21.2,27.4,15.7,149.4,71.7,190.5
284,거창,7,24.3,29.5,20.3,286.2,79.7,164.9
284,거창,8,24.4,29.9,20.4,285.3,80.3,168.4
284,거창,9,19.4,25.9,14.5,166.2,78.2,161.1
284,거창,10,12.8,21.0,6.4,60.8,73.4,187.5
284,거창,11,6.5,14.3,0.1,37.8,69.0,171.3
284,거창,12,0.5,7.5,-5.4,22.3,64.8,180.8
285,합천,1,-0.2,7.0,-5.9,19.7,60.5,182.3
285,합천,2,2.2,9.7,-4.1,31.3,57.3,185.3
285,합천,3,7.3,14.6,0.5,54.0,56.5,208.2
285,합천,4,13.2,20.7,5.8,81.9,56.2,213.8
285,합천,5,18.2,25.6,11.3,94.1,60.5,224.7
285,합천,6,22.2,28.5,16.8,146.7,66.7,172.0
285,합천,7,25.3,30.4,21.4,289.5,74.3,147.9
285,합천,8,25.6,31.1,21.5,294.8,74.8,163.7
285,합천,9,20.9,27.1,16.2,158.6,74.2,161.3
285,합천,10,14.5,22.3,8.7,64.5,70.6,190.4
285,합천,11,7.8,15.6,2.0,34.7,67.3,167.7
285,합천,12,1.7,9.0,-4.0,20.1,62.6,172.4
288,밀양,1,0.5,7.4,-5.4,21.2,58.9,188.0
288,밀양,2,2.8,9.9,-3.6,33.0,56.7,184.6
288,밀양,3,7.7,14.7,0.9,59.0,58.3,208.2
288,밀양,4,13.2,20.7,6.0,90.5,59.7,214.2
288,밀양,5,18.3,25.5,11.6,106.7,64.0,225.9
288,밀양,6,22.3,28.3,17.3,155.9,69.5,175.5
288,밀양,7,25.6,30.4,21.8,259.3,77.3,151.5
288,밀양,8,26.1,31.3,22.0,240.6,76.7,172.7
288,밀양,9,21.5,27.4,16.6,144.4,74.7,160.6
288,밀양,10,15.2,22.6,9.0,53.3,71.1,197.4
288,밀양,11,8.4,15.9,2.1,40.1,68.0,174.4
288,밀양,12,2.1,9.3,-3.6,22.6,61.8,183.9
289,산청,1,0.4,6.1,-4.4,24.4,55.5,170.4
289,산청,2,2.4,8.9,-3.2,40.9,54.1,183.0
289,산청,3,6.9,13.7,0.8,66.8,55.5,212.1
289,산청,4,12.8,19.8,6.1,106.5,56.7,220.2
289,산청,5,17.8,24.7,11.3,105.5,62.0,233.5
289,산청,6,21.6,27.5,16.7,172.4,70.7,185.2
289,산청,7,24.7,29.5,21.1,328.5,78.0,160.1
289,산청,8,25.1,30.2,21.4,362.3,78.0,166.0
289,산청,9,20.3,26.5,15.9,207.2,75.8,162.4
289,산청,10,14.1,21.7,8.5,74.2,69.9,185.9
289,산청,11,7.9,15.0,2.3,43.6,64.7,162.1
289,산청,12,2.1,8.3,-2.9,23.9,58.3,158.1
294,거제,1,2.6,7.3,-1.4,40.4,54.0,169.9
294,거제,2,4.4,9.4,-0.2,60.5,54.4,178.0
294,거제,3,8.4,13.5,3.5,112.2,58.5,204.0
294,거제,4,13.4,18.6,8.3,177.2,60.0,217.4
294,거제,5,17.9,23.1,13.0,203.0,65.3,233.2
294,거제,6,21.2,25.8,17.4,237.1,73.4,182.7
294,거제,7,24.8,28.3,22.1,367.6,79.5,153.4
294,거제,8,26.0,29.9,22.9,330.4,76.6,182.1
294,거제,9,22.0,26.5,18.2,209.5,73.3,168.5
294,거제,10,16.7,22.0,12.2,96.4,67.6,195.1
294,거제,11,10.6,15.7,6.1,59.0,63.4,165.3
294,거제,12,4.7,9.5,0.4,37.0,56.8,166.4
295,남해,1,2.2,6.9,-2.0,33.6,56.3,189.0
295,남해,2,4.0,9.2,-0.8,65.2,55.2,188.2
295,남해,3,8.2,13.7,3.2,113.1,57.4,211.9
295,남해,4,13.5,19.3,8.2,179.7,59.5,221.0
295,남해,5,18.2,23.9,13.2,196.3,64.3,234.3
295,남해,6,21.6,26.5,17.8,243.8,72.7,182.9
295,남해,7,25.1,29.2,22.1,353.9,79.4,167.8
295,남해,8,26.0,30.4,22.9,319.7,77.7,184.2
295,남해,9,21.9,26.6,18.4,221.9,74.3,172.7
295,남해,10,16.6,21.9,12.3,95.9,65.9,206.9
295,남해,11,10.4,15.4,5.9,62.9,63.4,182.8
295,남해,12,4.3,9.1,-0.1,35.2,58.5,186.7
400,강남,1,-1.3,2.5,-4.7,14.5,,
400,강남,2,1.4,5.6,-2.2,22.6,,
400,강남,3,7.0,11.6,2.9,34.2,,
400,강남,4,13.2,18.5,8.9,67.2,,
400,강남,5,19.2,24.5,14.7,87.7,,
400,강남,6,23.6,28.4,19.6,120.3,,
400,강남,7,26.1,30.0,23.0,395.7,,
400,강남,8,26.8,31.0,23.6,316.0,,
400,강남,9,22.4,26.8,18.7,143.0,,
400,강남,10,15.8,20.6,11.8,51.1,,
400,강남,11,8.1,12.3,4.6,49.7,,
400,강남,12,0.8,4.5,-2.6,18.9,,
401,서초,1,-1.2,2.7,-4.7,16.2,,
401,서초,2,1.5,5.9,-2.2,26.8,,
401,서초,3,7.0,12.0,2.7,34.3,,
401,서초,4,13.3,19.0,8.6,68.7,,
401,서초,5,19.2,25.1,14.2,89.5,,
401,서초,6,23.7,29.3,19.4,123.8,,
401,서초,7,26.3,30.7,23.0,367.1,,
401,서초,8,27.1,31.9,23.7,317.1,,
401,서초,9,22.6,27.5,18.6,146.2,,
401,서초,10,15.8,21.0,11.5,45.5,,
401,서초,11,8.2,12.6,4.4,50.5,,
401,서초,12,0.9,4.6,-2.7,19.4,,
402,강동,1,-2.3,2.4,-6.7,14.5,,
402,강동,2,0.6,5.9,-3.9,23.2,,
402,강동,3,6.3,12.1,1.4,31.7,,
402,강동,4,12.9,18.9,7.5,60.9,,
402,강동,5,18.8,24.7,13.3,78.7,,
402,강동,6,23.3,28.7,18.6,129.4,,
402,강동,7,25.8,30.0,22.4,383.4,,
402,강동,8,26.2,30.8,22.6,348.3,,
402,강동,9,21.5,26.6,17.3,146.9,,
402,강동,10,14.8,20.5,9.9,50.5,,
402,강동,11,7.2,12.2,2.9,43.7,,
402,강동,12,-0.2,4.3,-4.4,17.7,,
403,송파,1,-0.9,3.0,-4.5,13.3,,
403,송파,2,1.9,6.1,-2.0,23.4,,
403,송파,3,7.3,12.2,3.0,32.1,,
403,송파,4,13.7,19.1,9.0,66.2,,
403,송파,5,19.4,24.9,14.6,88.7,,
403,송파,6,23.7,28.7,19.6,132.8,,
403,송파,7,26.1,30.2,22.9,377.4,,
403,송파,8,26.8,31.1,23.6,310.1,,
403,송파,9,22.5,27.0,18.3,139.4,,
403,송파,10,16.0,20.9,11.7,46.2,,
403,송파,11,8.5,12.8,4.7,47.5,,
403,송파,12,1.2,5.0,-2.4,17.0,,
404,강서,1,-1.9,2.1,-5.5,13.9,,
404,강서,2,0.7,5.3,-3.0,23.1,,
404,강서,3,6.2,11.0,2.1,31.3,,
404,강서,4,12.4,17.7,8.2,63.3,,
404,강서,5,18.2,23.5,13.8,86.4,,
404,강서,6,22.7,27.5,18.8,111.9,,
404,강서,7,25.3,29.2,22.3,364.3,,
404,강서,8,26.3,30.4,23.1,285.1,,
404,강서,9,21.9,26.4,18.2,139.3,,
404,강서,10,15.3,20.2,11.1,44.5,,
404,강서,11,7.7,11.7,3.9,46.7,,
404,강서,12,0.3,4.0,-3.3,17.1,,
405,양천,1,-1.3,2.6,-4.7,15.1,,
405,양천,2,1.3,5.7,-2.3,23.6,,
405,양천,3,6.8,11.8,2.8,32.8,,
405,양천,4,13.2,18.7,9.0,66.1,,
405,양천,5,19.1,24.6,14.6,90.5,,
405,양천,6,23.6,28.6,19.7,113.1,,
405,양천,7,26.3,30.3,23.2,342.4,,
405,양천,8,27.2,31.4,24.0,286.9,,
405,양천,9,22.9,27.4,19.3,128.5,,
405,양천,10,16.2,20.8,12.2,44.7,,
405,양천,11,8.3,12.4,4.7,46.4,,
405,양천,12,0.9,4.6,-2.6,17.6,,
406,도봉,1,-2.7,2.3,-7.4,15.6,,
406,도봉,2,0.6,5.6,-4.5,28.1,,
406,도봉,3,6.0,11.7,0.6,33.3,,
406,도봉,4,12.5,18.6,6.6,78.2,,
406,도봉,5,18.0,24.3,12.2,106.2,,
406,도봉,6,22.5,28.3,17.6,136.6,,
406,도봉,7,25.2,29.7,21.7,425.4,,
406,도봉,8,25.7,30.5,21.9,378.1,,
406,도봉,9,20.8,26.5,16.3,147.8,,
406,도봉,10,14.0,20.4,8.7,53.2,,
406,도봉,11,6.7,12.1,1.8,51.4,,
406,도봉,12,-0.6,4.2,-5.2,18.7,,
407,노원,1,-3.1,2.4,-8.6,14.7,,
407,노원,2,-0.2,5.7,-5.8,25.5,,
407,노원,3,5.7,11.9,-0.6,32.5,,
407,노원,4,12.1,18.7,5.5,67.4,,
407,노원,5,17.8,24.5,11.3,96.2,,
407,노원,6,22.3,28.4,16.9,126.0,,
407,노원,7,25.0,29.6,21.3,427.5,,
407,노원,8,25.5,30.4,21.4,329.3,,
407,노원,9,20.4,26.3,15.4,129.2,,
407,노원,10,13.5,20.3,7.4,49.6,,
407,노원,11,6.2,12.1,0.7,46.6,,
407,노원,12,-1.1,4.2,-6.3,17.4,,
408,동대문,1,-1.1,2.8,-4.7,14.1,,
408,동대문,2,1.7,6.1,-2.1,25.4,,
408,동대문,3,7.1,12.0,2.9,32.2,,
408,동대문,4,13.5,18.9,8.9,72.2,,
408,동대문,5,19.2,24.7,14.4,95.1,,
408,동대문,6,23.6,28.8,19.5,120.6,,
408,동대문,7,26.0,30.2,22.9,401.3,,
408,동대문,8,26.8,31.2,23.4,335.8,,
408,동대문,9,22.3,27.1,18.4,144.9,,
408,동대문,10,15.8,20.9,11.4,48.5,,
408,동대문,11,8.2,12.6,4.4,48.2,,
408,동대문,12,0.8,4.8,-2.7,18.7,,
409,중랑,1,-1.4,2.5,-5.2,16.4,,
409,중랑,2,1.4,5.7,-2.5,28.1,,
409,중랑,3,7.0,11.8,2.7,36.2,,
409,중랑,4,13.4,18.7,8.9,67.6,,
409,중랑,5,19.3,24.6,14.7,90.0,,
409,중랑,6,23.7,28.5,19.6,125.6,,
409,중랑,7,26.1,30.0,23.0,407.7,,
409,중랑,8,26.9,30.9,23.6,319.8,,
409,중랑,9,22.3,26.8,18.4,142.0,,
409,중랑,10,15.7,20.5,11.4,49.5,,
409,중랑,11,8.1,12.2,4.2,44.3,,
409,중랑,12,0.6,4.3,-3.1,18.3,,
410,기상청,1,-1.2,2.5,-4.5,15.2,,
410,기상청,2,1.4,5.7,-2.2,23.5,,
410,기상청,3,6.8,11.6,2.7,33.3,,
410,기상청,4,13.1,18.4,8.6,70.1,,
410,기상청,5,18.6,24.0,13.9,97.4,,
410,기상청,6,23.0,27.9,18.9,120.4,,
410,기상청,7,25.5,29.4,22.3,371.9,,
410,기상청,8,26.4,30.3,23.2,284.0,,
410,기상청,9,22.2,26.4,18.4,149.0,,
410,기상청,10,15.9,20.5,11.7,45.8,,
410,기상청,11,8.2,12.3,4.5,48.4,,
410,기상청,12,0.8,4.5,-2.6,19.6,,
411,마포,1,-1.4,2.4,-4.9,13.3,,
411,마포,2,1.2,5.6,-2.4,25.1,,
411,마포,3,6.7,11.7,2.8,30.6,,
411,마포,4,13.0,18.5,9.0,64.4,,
411,마포,5,18.8,24.3,14.4,82.6,,
411,마포,6,23.3,28.3,19.4,118.0,,
411,마포,7,25.8,29.8,22.7,375.8,,
411,마포,8,26.7,30.7,23.4,312.8,,
411,마포,9,22.4,26.7,18.9,142.9,,
411,마포,10,15.9,20.5,12.0,47.1,,
411,마포,11,8.3,12.2,4.6,43.8,,
411,마포,12,0.8,4.4,-2.7,16.3,,
412,서대문,1,-2.4,2.2,-6.4,14.5,,
412,서대문,2,0.2,5.5,-3.9,25.8,,
412,서대문,3,5.8,11.7,1.1,33.0,,
412,서대문,4,12.3,18.5,7.2,70.9,,
412,서대문,5,17.8,24.2,12.6,86.8,,
412,서대문,6,22.2,28.2,17.7,122.0,,
412,서대문,7,24.8,29.3,21.6,357.3,,
412,서대문,8,25.6,30.4,22.2,280.8,,
412,서대문,9,21.2,26.6,17.2,133.6,,
412,서대문,10,14.6,20.5,9.9,46.2,,
412,서대문,11,7.0,12.2,2.9,45.2,,
412,서대문,12,-0.3,4.2,-4.3,18.3,,
413,광진,1,-1.2,2.6,-4.9,13.7,,
413,광진,2,1.4,5.9,-2.3,23.7,,
413,광진,3,6.9,11.9,2.7,29.0,,
413,광진,4,13.4,18.7,8.7,69.7,,
413,광진,5,19.0,24.5,14.3,78.7,,
413,광진,6,23.6,28.6,19.4,115.2,,
413,광진,7,26.0,30.0,22.7,376.2,,
413,광진,8,26.7,31.0,23.4,332.7,,
413,광진,9,22.1,26.8,18.2,154.3,,
413,광진,10,15.6,20.6,11.3,48.1,,
413,광진,11,8.1,12.4,4.2,47.3,,
413,광진,12,0.8,4.5,-2.8,18.7,,
414,성북,1,-2.3,1.7,-6.0,14.9,,
414,성북,2,0.3,4.7,-3.5,24.8,,
414,성북,3,5.9,10.8,1.6,33.4,,
414,성북,4,12.2,17.6,7.7,70.9,,
414,성북,5,18.1,23.6,13.3,102.5,,
414,성북,6,22.6,27.5,18.4,132.2,,
414,성북,7,25.1,29.0,22.0,411.4,,
414,성북,8,25.9,30.0,22.6,342.9,,
414,성북,9,21.3,26.0,17.6,138.7,,
414,성북,10,14.7,19.7,10.5,47.6,,
414,성북,11,7.2,11.3,3.2,47.7,,
414,성북,12,-0.3,3.5,-4.1,18.0,,
415,용산,1,-1.4,2.3,-4.8,15.8,,
415,용산,2,1.2,5.6,-2.3,26.1,,
415,용산,3,6.8,11.6,2.7,32.9,,
415,용산,4,13.3,18.5,8.9,61.6,,
415,용산,5,19.2,24.5,14.5,83.8,,
415,용산,6,23.7,28.7,19.7,120.6,,
415,용산,7,26.2,30.2,23.0,349.2,,
415,용산,8,27.1,31.3,23.9,293.0,,
415,용산,9,22.6,27.2,18.9,137.8,,
415,용산,10,15.9,20.7,11.8,45.9,,
415,용산,11,8.2,12.2,4.4,51.5,,
415,용산,12,0.7,4.4,-2.7,18.7,,
416,은평,1,-2.8,2.1,-7.1,12.9,,
416,은평,2,0.0,5.2,-4.5,22.9,,
416,은평,3,5.6,11.1,0.5,28.3,,
416,은평,4,11.9,17.8,6.7,64.7,,
416,은평,5,17.6,23.6,12.2,83.4,,
416,은평,6,22.2,27.6,17.6,107.0,,
416,은평,7,25.0,29.1,21.7,377.3,,
416,은평,8,25.8,30.1,22.2,302.7,,
416,은평,9,21.1,26.3,16.7,124.6,,
416,은평,10,14.3,20.1,9.2,41.1,,
416,은평,11,7.0,11.9,2.4,43.5,,
416,은평,12,-0.6,4.1,-5.1,16.1,,
417,금천,1,-0.8,2.7,-4.1,14.6,,
417,금천,2,1.6,5.6,-1.8,22.3,,
417,금천,3,6.7,11.1,2.9,34.8,,
417,금천,4,12.7,17.6,8.8,68.2,,
417,금천,5,18.4,23.5,14.2,88.5,,
417,금천,6,22.8,27.3,19.1,116.3,,
417,금천,7,25.4,29.0,22.6,356.8,,
417,금천,8,26.4,30.1,23.5,299.5,,
417,금천,9,22.2,26.3,18.9,153.3,,
417,금천,10,15.8,20.3,12.2,48.7,,
417,금천,11,8.5,12.2,5.0,46.7,,
417,금천,12,1.0,4.6,-2.1,17.8,,
419,중구,1,-3.3,0.7,-6.5,10.9,,
419,중구,2,-0.4,4.1,-3.9,21.5,,
419,중구,3,5.1,10.5,1.1,30.3,,
419,중구,4,11.7,17.8,7.4,59.7,,
419,중구,5,17.6,23.7,13.0,84.6,,
419,중구,6,21.9,27.6,17.9,114.3,,
419,중구,7,24.3,28.9,21.3,333.8,,
419,중구,8,25.2,29.6,21.8,263.4,,
419,중구,9,20.7,25.3,17.1,103.6,,
419,중구,10,14.3,19.1,10.5,39.1,,
419,중구,11,6.4,10.7,3.0,40.9,,
419,중구,12,-1.2,2.6,-4.4,15.2,,
421,성동,1,-0.9,2.6,-4.2,13.3,,
421,성동,2,1.8,5.8,-1.7,24.4,,
421,성동,3,7.1,11.5,3.2,29.7,,
421,성동,4,13.4,18.2,9.1,63.1,,
421,성동,5,19.2,24.3,14.8,80.4,,
421,성동,6,23.5,28.1,19.7,116.0,,
421,성동,7,25.8,29.5,22.8,425.0,,
421,성동,8,26.7,30.6,23.6,269.8,,
421,성동,9,22.4,26.6,18.9,136.2,,
421,성동,10,16.1,20.6,12.2,46.9,,
421,성동,11,8.6,12.3,5.0,46.2,,
421,성동,12,1.0,4.4,-2.3,18.0,,
423,구로,1,-2.0,2.3,-5.9,13.0,,
423,구로,2,0.9,5.5,-3.4,26.1,,
423,구로,3,6.0,11.2,1.5,32.4,,
423,구로,4,12.2,17.8,7.3,74.7,,
423,구로,5,18.1,24.0,13.0,92.2,,
423,구로,6,22.6,27.9,18.2,111.3,,
423,구로,7,25.2,29.5,22.0,373.7,,
423,구로,8,26.3,30.7,23.0,262.4,,
423,구로,9,21.7,26.6,17.7,150.3,,
423,구로,10,15.0,20.4,10.4,48.6,,
423,구로,11,7.5,12.1,3.3,54.2,,
423,구로,12,0.0,4.1,-4.0,19.2,,
424,강북,1,-1.4,2.6,-5.0,14.3,,
424,강북,2,1.5,5.8,-2.5,28.6,,
424,강북,3,6.9,11.7,2.6,36.0,,
424,강북,4,13.2,18.4,8.5,81.3,,
424,강북,5,19.2,24.8,14.3,100.9,,
424,강북,6,23.6,28.8,19.4,126.4,,
424,강북,7,26.0,30.1,22.9,456.6,,
424,강북,8,27.0,31.3,23.6,321.9,,
424,강북,9,22.2,26.9,18.3,147.9,,
424,강북,10,15.6,20.7,11.1,50.4,,
424,강북,11,8.0,12.3,4.1,55.7,,
424,강북,12,0.2,4.1,-3.3,20.2,,
425,남현,1,-2.3,1.7,-6.3,15.3,,
425,남현,2,0.2,4.6,-4.1,36.3,,
425,남현,3,6.1,11.4,1.4,32.2,,
425,남현,4,11.9,17.7,6.7,89.6,,
425,남현,5,17.9,24.0,12.5,89.7,,
425,남현,6,22.3,27.9,17.6,129.5,,
425,남현,7,24.9,29.1,21.6,435.7,,
425,남현,8,25.7,30.1,22.3,310.9,,
425,남현,9,20.7,25.7,16.7,119.5,,
425,남현,10,14.3,19.4,9.8,63.6,,
425,남현,11,7.4,11.6,3.4,78.4,,
425,남현,12,-0.6,3.4,-4.5,32.1,,
433,부천,1,-1.1,2.8,-4.6,11.6,,
433,부천,2,1.4,5.6,-2.3,25.4,,
433,부천,3,6.6,11.2,2.6,34.9,,
433,부천,4,12.5,17.5,8.3,65.1,,
433,부천,5,18.4,23.6,13.9,87.8,,
433,부천,6,22.9,27.7,19.1,110.0,,
433,부천,7,25.4,29.1,22.6,391.5,,
433,부천,8,26.9,30.8,23.8,207.8,,
433,부천,9,22.2,26.6,18.4,147.4,,
433,부천,10,15.9,20.7,11.4,46.9,,
433,부천,11,8.4,12.5,4.4,58.4,,
433,부천,12,0.6,4.3,-2.9,18.2,,
434,안양,1,-1.4,2.3,-4.8,12.6,,
434,안양,2,1.1,5.2,-2.5,27.1,,
434,안양,3,6.3,10.8,2.4,36.5,,
434,안양,4,12.3,17.3,8.1,69.1,,
434,안양,5,18.4,23.4,13.9,92.7,,
434,안양,6,22.9,27.4,19.0,114.1,,
434,안양,7,25.4,28.8,22.5,409.9,,
434,안양,8,26.4,30.2,23.5,257.3,,
434,안양,9,21.8,25.9,18.2,144.5,,
434,안양,10,15.5,20.1,11.5,50.7,,
434,안양,11,8.0,11.9,4.2,58.3,,
434,안양,12,0.4,4.0,-3.1,22.1,,
437,광명,1,-1.1,2.5,-4.3,11.5,,
437,광명,2,1.6,5.6,-2.0,26.2,,
437,광명,3,6.7,11.3,2.8,38.3,,
437,광명,4,12.8,17.8,8.6,64.2,,
437,광명,5,18.7,24.0,14.4,96.6,,
437,광명,6,23.2,28.0,19.3,126.4,,
437,광명,7,25.6,29.4,22.8,412.8,,
437,광명,8,27.0,31.0,24.1,231.0,,
437,광명,9,22.6,26.8,19.2,153.8,,
437,광명,10,16.3,20.7,12.6,47.9,,
437,광명,11,8.8,12.5,5.2,58.4,,
437,광명,12,0.8,4.3,-2.5,21.7,,
438,군포,1,-1.1,2.9,-4.5,14.6,,
438,군포,2,1.4,5.7,-2.3,28.8,,
438,군포,3,6.5,11.4,2.4,41.6,,
438,군포,4,12.6,17.8,8.1,70.9,,
438,군포,5,18.5,24.0,13.8,94.2,,
438,군포,6,23.0,27.9,19.0,115.2,,
438,군포,7,25.4,29.2,22.5,426.2,,
438,군포,8,26.5,30.6,23.5,260.5,,
438,군포,9,21.9,26.3,18.4,140.5,,
438,군포,10,15.7,20.5,11.7,49.9,,
438,군포,11,8.4,12.5,4.7,60.6,,
438,군포,12,0.6,4.5,-2.9,24.6,,
441,김포,1,-3.5,1.3,-7.8,7.4,,
441,김포,2,-0.5,4.6,-5.1,21.7,,
441,김포,3,5.1,10.5,0.3,30.5,,
441,김포,4,11.2,16.8,6.3,60.1,,
441,김포,5,17.2,22.8,12.5,90.3,,
441,김포,6,21.9,27.0,17.9,100.1,,
441,김포,7,24.7,28.6,21.8,362.3,,
441,김포,8,25.7,30.0,22.4,245.0,,
441,김포,9,20.8,25.8,16.8,139.1,,
441,김포,10,14.2,19.9,9.5,39.0,,
441,김포,11,6.8,11.5,2.3,47.6,,
441,김포,12,-1.3,3.0,-5.5,17.4,,
444,하남,1,-2.4,2.7,-6.9,11.6,,
444,하남,2,0.7,5.9,-4.3,18.3,,
444,하남,3,6.2,12.1,0.9,31.0,,
444,하남,4,12.4,18.8,6.6,57.2,,
444,하남,5,18.3,24.9,12.4,66.8,,
444,하남,6,22.9,28.7,18.0,103.1,,
444,하남,7,25.1,29.5,21.9,379.1,,
444,하남,8,26.0,30.6,22.3,230.9,,
444,하남,9,20.8,26.2,16.5,120.3,,
444,하남,10,14.2,21.0,9.2,34.5,,
444,하남,11,7.2,12.6,2.5,42.0,,
444,하남,12,-0.6,4.1,-5.0,15.8,,
445,의왕,1,-2.7,1.9,-7.0,12.6,,
445,의왕,2,0.0,4.8,-4.6,26.4,,
445,의왕,3,5.2,10.6,0.2,36.4,,
445,의왕,4,11.2,17.2,5.7,68.1,,
445,의왕,5,17.0,23.1,11.4,90.9,,
445,의왕,6,21.7,27.2,17.1,117.1,,
445,의왕,7,24.5,28.5,21.3,437.7,,
445,의왕,8,25.3,29.8,21.9,259.1,,
445,의왕,9,20.3,25.4,16.1,136.7,,
445,의왕,10,13.9,19.5,8.9,50.9,,
445,의왕,11,6.8,11.6,2.2,57.5,,
445,의왕,12,-0.9,3.5,-5.1,20.6,,
504,포천,1,-4.5,1.8,-10.3,13.0,,
504,포천,2,-1.1,5.3,-7.1,21.1,,
504,포천,3,4.8,11.6,-1.6,29.6,,
504,포천,4,11.6,18.8,4.6,67.3,,
504,포천,5,17.6,24.5,11.2,91.6,,
504,포천,6,22.4,28.6,16.9,128.2,,
504,포천,7,24.9,29.8,21.3,397.1,,
504,포천,8,25.3,30.7,21.4,378.1,,
504,포천,9,19.9,26.4,14.9,124.6,,
504,포천,10,12.7,20.3,6.6,56.1,,
504,포천,11,5.2,11.6,-0.4,44.1,,
504,포천,12,-2.4,3.6,-7.6,17.4,,
505,가평조종,1,-5.3,1.0,-11.3,15.4,,
505,가평조종,2,-2.1,4.5,-8.3,28.9,,
505,가평조종,3,3.8,11.0,-2.9,32.3,,
505,가평조종,4,10.3,18.3,2.9,74.9,,
505,가평조종,5,16.3,23.8,9.1,93.5,,
505,가평조종,6,20.9,27.6,14.9,130.2,,
505,가평조종,7,23.5,28.7,19.9,417.9,,
505,가평조종,8,24.0,29.7,19.9,346.3,,
505,가평조종,9,18.5,25.5,13.5,120.1,,
505,가평조종,10,11.2,19.3,5.2,52.1,,
505,가평조종,11,4.0,10.8,-1.6,44.8,,
505,가평조종,12,-3.3,2.6,-8.7,18.4,,
510,영등포,1,-1.1,2.5,-4.5,13.1,,
510,영등포,2,1.6,5.7,-1.9,20.7,,
510,영등포,3,6.9,11.7,3.2,29.9,,
510,영등포,4,13.4,18.5,9.4,60.2,,
510,영등포,5,19.2,24.5,15.0,83.9,,
510,영등포,6,23.5,28.5,19.9,113.1,,
510,영등포,7,26.1,30.1,23.3,347.5,,
510,영등포,8,27.3,31.3,24.2,314.4,,
510,영등포,9,22.9,27.2,19.5,133.2,,
510,영등포,10,16.3,20.9,12.7,50.7,,
510,영등포,11,8.6,12.5,5.2,44.0,,
510,영등포,12,1.0,4.7,-2.2,17.1,,
512,인천연수,1,-1.6,2.6,-5.7,12.7,,
512,인천연수,2,0.7,5.2,-3.5,22.4,,
512,인천연수,3,5.8,10.7,1.4,28.8,,
512,인천연수,4,11.7,17.0,7.3,60.8,,
512,인천연수,5,17.3,22.7,12.8,84.3,,
512,인천연수,6,22.0,26.9,18.1,98.6,,
512,인천연수,7,25.2,29.2,22.2,315.7,,
512,인천연수,8,26.5,30.7,23.2,235.6,,
512,인천연수,9,22.1,26.9,18.0,116.5,,
512,인천연수,10,15.5,20.7,10.8,45.9,,
512,인천연수,11,8.0,12.6,3.6,47.4,,
512,인천연수,12,0.7,4.9,-3.4,16.7,,
516,안성,1,-2.4,2.8,-7.3,19.0,,
516,안성,2,0.2,5.8,-4.8,23.3,,
516,안성,3,5.6,12.2,-0.2,34.9,,
516,안성,4,12.2,19.0,5.9,68.5,,
516,안성,5,18.1,24.6,12.2,72.6,,
516,안성,6,22.7,28.3,17.9,125.3,,
516,안성,7,25.6,30.2,22.1,323.1,,
516,안성,8,26.1,31.0,22.5,267.0,,
516,안성,9,21.2,26.7,16.8,149.1,,
516,안성,10,14.3,20.8,8.8,50.7,,
516,안성,11,6.9,12.7,1.7,41.4,,
516,안성,12,-0.4,4.7,-5.1,20.0,,
517,간성,1,-0.6,3.8,-5.3,37.1,,
517,간성,2,1.1,5.8,-3.7,33.7,,
517,간성,3,5.6,10.7,0.4,49.4,,
517,간성,4,11.5,16.7,6.0,70.2,,
517,간성,5,16.3,21.4,11.6,86.3,,
517,간성,6,19.7,24.2,16.0,126.6,,
517,간성,7,23.3,27.0,20.2,279.3,,
517,간성,8,24.0,27.8,20.6,305.5,,
517,간성,9,19.2,23.8,15.1,196.9,,
517,간성,10,14.1,19.4,9.0,95.9,,
517,간성,11,7.9,12.8,2.9,92.7,,
517,간성,12,1.5,6.1,-3.1,28.3,,
526,평창,1,-4.9,1.8,-10.7,27.2,,
526,평창,2,-1.9,5.1,-7.8,22.8,,
526,평창,3,3.9,11.0,-2.4,40.3,,
526,평창,4,10.4,17.8,3.5,71.0,,
526,평창,5,16.2,23.4,9.6,80.3,,
526,평창,6,20.4,27.0,15.0,139.2,,
526,평창,7,22.9,28.1,19.3,310.0,,
526,평창,8,23.3,28.8,19.5,254.3,,
526,평창,9,18.3,24.6,13.8,135.0,,
526,평창,10,11.6,19.2,6.1,49.7,,
526,평창,11,4.5,11.2,-0.9,35.6,,
526,평창,12,-2.9,3.6,-8.1,17.5,,
532,의정부,1,-3.5,1.8,-8.7,16.0,,
532,의정부,2,-0.5,5.1,-5.8,25.2,,
532,의정부,3,5.1,11.5,-0.6,33.3,,
532,의정부,4,11.7,18.4,5.5,72.4,,
532,의정부,5,17.4,24.1,11.4,99.6,,
532,의정부,6,22.0,28.0,16.9,127.4,,
532,의정부,7,25.0,29.3,21.3,425.7,,
532,의정부,8,25.2,30.3,21.5,399.2,,
532,의정부,9,20.1,26.2,15.5,133.9,,
532,의정부,10,13.3,20.0,7.5,54.3,,
532,의정부,11,6.0,11.7,0.7,48.6,,
532,의정부,12,-1.5,3.6,-6.5,20.6,,
536,횡성,1,-4.3,2.3,-10.2,17.8,,
536,횡성,2,-1.3,5.8,-7.3,24.0,,
536,횡성,3,4.6,12.3,-1.9,43.5,,
536,횡성,4,11.3,19.5,4.1,71.7,,
536,횡성,5,17.1,24.9,10.3,91.8,,
536,횡성,6,21.7,28.7,16.1,141.2,,
536,횡성,7,24.5,29.7,20.7,397.0,,
536,횡성,8,24.8,30.4,20.9,283.0,,
536,횡성,9,19.4,26.2,14.7,147.6,,
536,횡성,10,12.4,20.4,6.5,55.1,,
536,횡성,11,5.0,12.1,-0.6,41.1,,
536,횡성,12,-2.4,4.0,-7.8,17.7,,
540,고양,1,-3.5,2.2,-8.8,10.9,,
540,고양,2,-0.4,5.6,-6.0,20.2,,
540,고양,3,5.2,11.7,-0.6,23.5,,
540,고양,4,11.8,18.6,5.5,58.6,,
540,고양,5,17.4,24.5,11.3,87.3,,
540,고양,6,22.0,28.6,16.7,107.7,,
540,고양,7,24.8,29.7,21.3,359.3,,
540,고양,8,25.4,30.9,21.5,274.1,,
540,고양,9,20.8,27.0,15.6,117.1,,
540,고양,10,13.8,20.8,7.8,44.9,,
540,고양,11,6.3,12.3,1.0,38.9,,
540,고양,12,-1.2,4.1,-6.4,13.9,,
541,남양주,1,-3.8,2.7,-9.8,16.0,,
541,남양주,2,-0.7,6.0,-6.9,25.5,,
541,남양주,3,5.1,12.1,-1.6,29.7,,
541,남양주,4,11.4,18.8,4.3,64.6,,
541,남양주,5,17.3,24.5,10.4,91.8,,
541,남양주,6,21.9,28.4,16.2,133.6,,
541,남양주,7,24.8,29.5,21.0,414.7,,
541,남양주,8,25.2,30.4,21.0,333.5,,
541,남양주,9,20.0,26.4,14.8,131.7,,
541,남양주,10,12.7,20.5,6.5,53.1,,
541,남양주,11,5.5,12.3,-0.3,45.9,,
541,남양주,12,-1.7,4.5,-7.2,18.3,,
545,안산,1,-3.3,2.3,-9.0,15.1,,
545,안산,2,-0.6,5.2,-6.4,25.6,,
545,안산,3,4.7,11.1,-1.4,35.7,,
545,안산,4,11.0,17.8,4.6,67.5,,
545,안산,5,16.6,23.4,10.6,76.4,,
545,안산,6,21.4,27.4,16.2,100.7,,
545,안산,7,24.8,29.4,21.1,321.7,,
545,안산,8,25.5,30.6,21.6,225.9,,
545,안산,9,20.6,26.6,15.5,124.9,,
545,안산,10,13.5,20.4,7.3,47.3,,
545,안산,11,6.2,12.4,0.5,44.0,,
545,안산,12,-0.9,4.5,-6.4,19.0,,
546,경기광주,1,-3.3,2.2,-8.2,16.6,,
546,경기광주,2,-0.4,5.4,-5.7,25.0,,
546,경기광주,3,5.3,11.7,-0.5,35.5,,
546,경기광주,4,11.8,18.6,5.5,67.5,,
546,경기광주,5,17.2,23.9,11.2,91.4,,
546,경기광주,6,21.8,27.8,16.8,118.1,,
546,경기광주,7,24.7,29.2,21.2,374.4,,
546,경기광주,8,25.2,30.2,21.6,317.6,,
546,경기광주,9,20.2,26.0,16.0,140.5,,
546,경기광주,10,13.3,20.0,8.2,55.9,,
546,경기광주,11,6.1,11.9,1.0,45.8,,
546,경기광주,12,-1.4,3.9,-6.1,19.8,,
548,여주,1,-3.6,2.0,-8.8,17.0,,
548,여주,2,-0.8,5.5,-6.2,23.9,,
548,여주,3,5.1,12.2,-0.9,34.2,,
548,여주,4,11.8,19.5,5.0,60.4,,
548,여주,5,17.9,24.9,11.4,71.7,,
548,여주,6,22.2,28.2,16.9,125.0,,
548,여주,7,24.8,29.6,21.2,321.5,,
548,여주,8,25.1,30.3,21.4,258.8,,
548,여주,9,19.9,26.0,15.4,154.2,,
548,여주,10,12.9,20.0,7.4,48.2,,
548,여주,11,5.5,11.7,0.4,41.2,,
548,여주,12,-1.8,3.7,-6.5,16.9,,
549,용인,1,-3.1,2.6,-8.5,17.2,,
549,용인,2,-0.4,5.7,-6.0,31.6,,
549,용인,3,5.2,11.7,-1.0,40.3,,
549,용인,4,11.4,18.5,4.9,75.6,,
549,용인,5,17.1,23.9,10.9,89.4,,
549,용인,6,21.7,27.8,16.5,123.5,,
549,용인,7,24.7,29.2,21.0,374.6,,
549,용인,8,25.1,30.1,21.3,290.3,,
549,용인,9,19.8,26.0,15.3,130.7,,
549,용인,10,12.9,20.1,7.4,50.1,,
549,용인,11,5.8,12.2,0.5,47.2,,
549,용인,12,-1.3,4.4,-6.4,21.4,,
550,오산,1,-2.6,2.6,-7.4,15.3,,
550,오산,2,-0.1,5.7,-5.2,24.2,,
550,오산,3,5.4,11.8,-0.1,34.6,,
550,오산,4,11.9,18.8,5.7,76.0,,
550,오산,5,17.6,24.5,11.8,92.2,,
550,오산,6,22.1,28.3,17.3,114.9,,
550,오산,7,25.2,30.0,21.7,342.2,,
550,오산,8,25.7,31.0,22.2,257.4,,
550,오산,9,21.0,26.8,16.5,134.2,,
550,오산,10,14.1,20.7,8.8,52.7,,
550,오산,11,7.0,12.6,1.9,42.6,,
550,오산,12,-0.4,4.7,-5.0,18.1,,
551,평택,1,-2.0,2.7,-6.7,17.5,,
551,평택,2,0.7,5.8,-4.3,25.0,,
551,평택,3,5.9,11.8,0.3,33.1,,
551,평택,4,12.5,18.7,6.3,65.8,,
551,평택,5,18.4,24.5,12.8,77.6,,
551,평택,6,22.8,28.3,18.3,109.5,,
551,평택,7,25.7,30.2,22.2,300.6,,
551,평택,8,26.2,31.1,22.6,257.1,,
551,평택,9,21.6,27.0,17.1,139.4,,
551,평택,10,14.9,21.0,9.3,53.6,,
551,평택,11,7.6,12.7,2.2,44.3,,
551,평택,12,0.3,4.8,-4.5,20.8,,
555,화천,1,-5.5,1.9,-11.3,15.4,,
555,화천,2,-2.0,5.5,-8.1,21.2,,
555,화천,3,4.1,11.9,-2.4,28.4,,
555,화천,4,10.8,19.1,3.5,65.8,,
555,화천,5,16.8,24.7,9.9,88.1,,
555,화천,6,21.3,28.5,15.7,126.1,,
555,화천,7,24.1,29.6,20.2,358.4,,
555,화천,8,24.1,30.4,20.3,341.6,,
555,화천,9,18.8,26.1,14.3,114.0,,
555,화천,10,11.8,20.1,6.3,42.1,,
555,화천,11,4.4,11.4,-0.8,42.4,,
555,화천,12,-3.2,3.5,-8.3,14.4,,
556,양구,1,-5.8,1.6,-11.9,12.6,,
556,양구,2,-2.6,5.1,-8.8,20.1,,
556,양구,3,3.7,11.3,-2.8,27.1,,
556,양구,4,10.4,18.4,3.2,63.3,,
556,양구,5,16.2,24.2,9.6,79.3,,
556,양구,6,20.7,28.1,15.1,111.0,,
556,양구,7,23.5,29.0,19.8,321.4,,
556,양구,8,23.6,29.9,19.9,310.9,,
556,양구,9,18.1,25.5,13.9,121.1,,
556,양구,10,11.3,19.7,5.9,42.5,,
556,양구,11,4.1,11.0,-1.2,43.5,,
556,양구,12,-3.6,3.2,-8.9,14.2,,
565,시흥,1,-1.9,2.5,-6.2,14.3,,
565,시흥,2,0.5,5.2,-3.9,22.4,,
565,시흥,3,5.6,10.7,1.0,29.6,,
565,시흥,4,11.9,17.3,7.1,60.4,,
565,시흥,5,17.6,23.0,12.8,78.4,,
565,시흥,6,22.1,27.1,18.1,107.0,,
565,시흥,7,25.4,29.3,22.2,321.4,,
565,시흥,8,26.4,30.5,23.0,254.0,,
565,시흥,9,21.7,26.6,17.5,122.4,,
565,시흥,10,15.1,20.5,10.0,47.5,,
565,시흥,11,7.6,12.4,3.0,46.7,,
565,시흥,12,0.3,4.7,-4.0,18.5,,
569,구리,1,-2.5,2.3,-6.9,12.5,,
569,구리,2,0.4,5.5,-4.2,22.5,,
569,구리,3,6.1,11.7,0.9,32.7,,
569,구리,4,12.6,18.7,7.1,66.5,,
569,구리,5,18.4,24.5,12.7,93.4,,
569,구리,6,22.9,28.4,18.1,116.7,,
569,구리,7,25.5,29.8,22.1,405.4,,
569,구리,8,26.1,30.7,22.5,337.2,,
569,구리,9,21.3,26.6,17.1,133.0,,
569,구리,10,14.5,20.5,9.6,48.6,,
569,구리,11,6.8,12.0,2.3,43.7,,
569,구리,12,-0.4,4.1,-4.8,17.8,,
570,금곡,1,-2.8,2.0,-7.3,13.3,,
570,금곡,2,-0.3,5.0,-4.8,21.9,,
570,금곡,3,5.0,10.5,0.2,29.1,,
570,금곡,4,11.2,17.0,6.3,58.6,,
570,금곡,5,16.7,22.5,12.0,84.8,,
570,금곡,6,21.2,26.5,17.1,99.7,,
570,금곡,7,24.3,28.4,21.2,333.8,,
570,금곡,8,25.4,29.7,21.9,258.2,,
570,금곡,9,20.8,25.9,16.7,133.5,,
570,금곡,10,14.3,20.0,9.5,37.8,,
570,금곡,11,6.7,11.7,2.3,46.0,,
570,금곡,12,-0.6,3.8,-5.1,19.5,,
571,화성,1,-2.0,2.4,-6.3,13.5,,
571,화성,2,0.3,5.1,-4.1,22.2,,
571,화성,3,5.3,10.8,0.5,32.5,,
571,화성,4,11.5,17.4,6.4,63.3,,
571,화성,5,17.0,23.1,12.0,72.2,,
571,화성,6,21.6,27.0,17.3,102.0,,
571,화성,7,24.8,28.9,21.7,327.3,,
571,화성,8,25.8,30.1,22.5,232.9,,
571,화성,9,21.4,26.3,17.3,128.2,,
571,화성,10,14.7,20.3,10.0,46.0,,
571,화성,11,7.4,12.3,2.9,43.9,,
571,화성,12,0.1,4.5,-4.2,18.2,,
572,성남,1,-1.8,2.6,-6.0,14.9,,
572,성남,2,0.9,5.8,-3.4,25.3,,
572,성남,3,6.5,12.0,1.6,36.0,,
572,성남,4,12.9,18.9,7.5,64.7,,
572,성남,5,18.6,24.6,13.1,85.3,,
572,성남,6,23.2,28.5,18.5,111.8,,
572,성남,7,25.8,30.0,22.4,375.5,,
572,성남,8,26.5,30.9,22.9,320.2,,
572,성남,9,21.7,26.7,17.4,131.1,,
572,성남,10,14.9,20.5,10.0,45.9,,
572,성남,11,7.5,12.4,3.2,44.5,,
572,성남,12,0.2,4.5,-3.8,19.6,,
590,과천,1,-2.3,2.7,-7.1,13.4,,
590,과천,2,0.3,5.7,-4.5,24.1,,
590,과천,3,5.9,11.7,0.6,32.7,,
590,과천,4,12.0,18.5,6.5,67.4,,
590,과천,5,17.9,24.2,12.1,90.2,,
590,과천,6,22.4,28.1,17.5,123.8,,
590,과천,7,25.2,29.6,21.7,392.8,,
590,과천,8,25.9,30.7,22.2,313.6,,
590,과천,9,21.0,26.6,16.5,137.9,,
590,과천,10,14.2,20.5,8.9,45.3,,
590,과천,11,7.0,12.4,2.2,52.1,,
590,과천,12,-0.2,4.6,-4.9,19.8,,
595,진부령,1,-5.5,-1.1,-9.6,30.8,,
595,진부령,2,-3.1,1.8,-7.7,38.5,,
595,진부령,3,2.1,7.4,-2.7,54.3,,
595,진부령,4,8.6,14.4,3.4,89.0,,
595,진부령,5,14.4,20.1,9.3,99.6,,
595,진부령,6,18.0,23.2,13.7,141.5,,
595,진부령,7,21.0,24.9,18.1,351.6,,
595,진부령,8,21.3,25.5,18.2,316.1,,
595,진부령,9,16.2,21.1,12.1,247.6,,
595,진부령,10,10.7,16.2,5.9,85.0,,
595,진부령,11,3.9,8.4,-0.2,82.6,,
595,진부령,12,-3.2,0.9,-7.1,27.9,,
598,양주,1,-4.8,1.7,-10.7,14.3,,
598,양주,2,-1.5,5.0,-7.5,23.2,,
598,양주,3,4.5,11.2,-1.9,30.6,,
598,양주,4,11.2,18.3,4.3,63.7,,
598,양주,5,17.3,24.2,10.8,95.6,,
598,양주,6,22.1,28.2,16.6,114.6,,
598,양주,7,24.8,29.5,21.1,381.0,,
598,양주,8,25.3,30.5,21.2,340.4,,
598,양주,9,20.1,26.5,14.7,141.7,,
598,양주,10,12.7,20.3,6.3,47.4,,
598,양주,11,5.0,11.6,-0.7,46.2,,
598,양주,12,-2.5,3.5,-8.0,18.2,,
601,단양,1,-3.4,2.2,-8.3,14.9,,
601,단양,2,-0.5,5.7,-5.8,22.3,,
601,단양,3,5.2,11.9,-0.6,38.4,,
601,단양,4,12.0,19.1,5.5,61.6,,
601,단양,5,17.7,24.9,11.2,69.9,,
601,단양,6,22.1,28.6,16.7,124.3,,
601,단양,7,24.7,29.8,20.9,253.2,,
601,단양,8,25.0,30.5,21.1,237.7,,
601,단양,9,19.6,25.9,15.5,126.5,,
601,단양,10,13.0,20.1,8.2,48.8,,
601,단양,11,5.9,11.8,1.0,34.7,,
601,단양,12,-1.4,4.0,-6.1,17.6,,
602,진천,1,-2.6,3.2,-7.9,19.9,,
602,진천,2,0.0,6.4,-5.5,25.0,,
602,진천,3,5.5,12.7,-0.8,40.2,,
602,진천,4,11.8,19.3,5.0,72.9,,
602,진천,5,17.4,24.5,10.9,86.8,,
602,진천,6,21.6,27.8,16.3,146.6,,
602,진천,7,24.5,29.2,20.6,309.6,,
602,진천,8,24.6,30.0,20.8,255.7,,
602,진천,9,19.5,26.0,15.0,148.1,,
602,진천,10,13.0,20.6,7.3,62.4,,
602,진천,11,6.2,12.7,0.8,44.6,,
602,진천,12,-0.7,4.9,-5.8,22.4,,
603,괴산,1,-3.5,2.9,-9.2,21.6,,
603,괴산,2,-0.6,6.1,-6.6,33.6,,
603,괴산,3,5.0,12.2,-1.7,47.5,,
603,괴산,4,11.5,19.0,4.3,87.5,,
603,괴산,5,17.2,24.4,10.4,84.9,,
603,괴산,6,21.6,27.7,16.0,140.2,,
603,괴산,7,24.5,29.2,20.7,309.1,,
603,괴산,8,24.8,30.0,20.7,285.3,,
603,괴산,9,19.4,25.8,14.8,142.8,,
603,괴산,10,12.3,20.2,6.6,60.6,,
603,괴산,11,5.5,12.6,-0.3,50.2,,
603,괴산,12,-1.6,4.8,-7.1,23.4,,
604,옥천,1,-2.2,3.6,-7.4,21.3,,
604,옥천,2,0.3,6.6,-5.2,32.5,,
604,옥천,3,5.7,12.7,-0.6,48.0,,
604,옥천,4,12.1,19.4,5.3,74.4,,
604,옥천,5,17.7,24.8,11.1,74.4,,
604,옥천,6,22.2,28.2,16.9,141.6,,
604,옥천,7,25.0,29.9,21.3,284.0,,
604,옥천,8,25.3,30.6,21.5,265.2,,
604,옥천,9,20.1,26.2,15.7,133.3,,
604,옥천,10,13.1,20.5,7.7,56.4,,
604,옥천,11,6.5,13.1,0.9,44.4,,
604,옥천,12,-0.3,5.6,-5.3,23.8,,
611,세종연서,1,-2.7,3.8,-7.8,22.6,,
611,세종연서,2,-0.1,6.9,-5.4,31.4,,
611,세종연서,3,5.5,13.1,-0.8,42.4,,
611,세종연서,4,11.7,19.6,5.1,76.6,,
611,세종연서,5,17.4,24.6,11.2,86.5,,
611,세종연서,6,21.7,28.0,16.7,132.5,,
611,세종연서,7,24.7,29.4,21.0,284.9,,
611,세종연서,8,24.9,30.1,21.1,260.3,,
611,세종연서,9,19.8,26.2,15.4,141.2,,
611,세종연서,10,13.0,20.8,7.3,58.4,,
611,세종연서,11,6.1,13.2,0.8,45.3,,
611,세종연서,12,-0.7,5.6,-5.6,22.8,,
612,공주,1,-2.1,3.6,-7.2,21.1,,
612,공주,2,0.6,6.7,-4.9,33.8,,
612,공주,3,5.9,12.9,-0.4,41.2,,
612,공주,4,12.3,19.4,5.8,88.6,,
612,공주,5,18.1,25.1,11.9,98.7,,
612,공주,6,22.5,28.5,17.4,149.1,,
612,공주,7,25.4,30.1,21.8,308.5,,
612,공주,8,25.9,31.0,22.1,257.6,,
612,공주,9,20.8,26.8,16.2,159.0,,
612,공주,10,13.9,21.0,8.2,61.0,,
612,공주,11,6.7,13.2,1.4,48.6,,
612,공주,12,-0.2,5.5,-5.1,25.4,,
614,서천,1,-1.1,4.0,-5.7,23.2,,
614,서천,2,0.9,6.3,-3.9,31.7,,
614,서천,3,5.2,11.2,-0.2,42.4,,
614,서천,4,11.0,17.2,5.3,81.0,,
614,서천,5,17.0,22.7,11.9,89.2,,
614,서천,6,21.7,26.5,18.0,136.0,,
614,서천,7,25.2,29.1,22.3,266.4,,
614,서천,8,25.8,30.4,22.5,232.1,,
614,서천,9,20.9,26.6,16.7,128.9,,
614,서천,10,14.3,20.9,8.6,60.1,,
614,서천,11,7.8,13.6,2.5,53.8,,
614,서천,12,1.1,6.3,-3.3,31.0,,
615,논산,1,-1.6,4.1,-7.0,22.9,,
615,논산,2,0.7,7.1,-5.0,33.7,,
615,논산,3,5.6,12.9,-0.9,46.3,,
615,논산,4,11.9,19.4,5.1,81.3,,
615,논산,5,18.0,24.8,11.9,88.1,,
615,논산,6,22.5,28.2,17.9,143.0,,
615,논산,7,25.4,30.0,21.9,282.5,,
615,논산,8,25.8,31.0,22.1,259.6,,
615,논산,9,20.8,27.0,16.2,130.2,,
615,논산,10,13.9,21.4,7.7,55.4,,
615,논산,11,7.1,13.8,1.2,43.9,,
615,논산,12,0.3,6.1,-4.9,24.9,,
616,당진,1,-2.0,2.6,-6.4,17.2,,
616,당진,2,0.0,5.2,-4.6,26.9,,
616,당진,3,4.9,10.9,-0.2,34.6,,
616,당진,4,11.0,17.5,5.5,67.8,,
616,당진,5,16.8,23.0,11.5,85.3,,
616,당진,6,21.1,26.8,16.8,115.3,,
616,당진,7,24.6,28.9,21.4,294.4,,
616,당진,8,25.3,30.0,21.9,265.9,,
616,당진,9,20.5,25.9,16.2,136.0,,
616,당진,10,14.0,20.1,8.7,53.1,,
616,당진,11,7.0,12.4,2.1,45.7,,
616,당진,12,0.3,4.9,-4.2,23.3,,
618,청양,1,-2.5,3.3,-8.1,21.8,,
618,청양,2,-0.2,6.1,-6.1,34.1,,
618,청양,3,4.8,11.8,-1.9,44.7,,
618,청양,4,11.0,18.4,4.0,84.1,,
618,청양,5,16.8,23.9,10.1,90.1,,
618,청양,6,21.4,27.5,15.9,134.4,,
618,청양,7,24.9,29.3,21.0,290.4,,
618,청양,8,25.2,30.2,21.1,296.6,,
618,청양,9,19.9,26.1,14.8,143.4,,
618,청양,10,13.0,20.5,6.6,65.1,,
618,청양,11,6.2,12.9,0.4,54.9,,
618,청양,12,-0.4,5.3,-5.8,31.8,,
619,음성,1,-3.9,2.6,-9.9,20.5,,
619,음성,2,-1.1,5.9,-7.4,27.6,,
619,음성,3,4.4,12.1,-2.5,43.1,,
619,음성,4,11.2,19.3,3.5,71.6,,
619,음성,5,16.8,24.6,9.6,83.4,,
619,음성,6,21.5,28.1,15.5,142.9,,
619,음성,7,24.5,29.5,20.4,302.4,,
619,음성,8,24.7,30.3,20.5,274.4,,
619,음성,9,19.2,26.2,14.1,133.6,,
619,음성,10,12.0,20.5,5.6,56.2,,
619,음성,11,5.2,12.5,-1.0,43.0,,
619,음성,12,-2.1,4.5,-7.8,22.1,,
623,증평,1,-3.1,2.7,-8.4,18.9,,
623,증평,2,-0.5,6.0,-6.1,27.2,,
623,증평,3,5.1,12.4,-1.3,38.9,,
623,증평,4,11.7,19.4,4.7,73.4,,
623,증평,5,17.5,25.0,10.8,75.1,,
623,증평,6,22.2,28.5,16.7,131.2,,
623,증평,7,25.1,30.0,21.3,280.1,,
623,증평,8,25.4,30.9,21.5,263.2,,
623,증평,9,20.1,26.6,15.4,124.0,,
623,증평,10,13.0,20.6,7.1,57.4,,
623,증평,11,5.9,12.6,0.3,43.1,,
623,증평,12,-1.2,4.6,-6.3,20.7,,
627,태안,1,-0.5,3.3,-4.0,18.1,,
627,태안,2,1.1,5.4,-2.9,29.6,,
627,태안,3,5.3,10.2,1.0,34.5,,
627,태안,4,11.0,16.5,6.6,72.0,,
627,태안,5,16.7,22.1,12.1,89.1,,
627,태안,6,21.3,26.4,17.4,127.6,,
627,태안,7,24.7,28.6,21.9,269.5,,
627,태안,8,25.9,30.2,22.8,257.8,,
627,태안,9,21.8,26.4,17.9,123.4,,
627,태안,10,15.5,20.5,11.2,55.6,,
627,태안,11,8.5,13.0,4.6,52.9,,
627,태안,12,1.9,5.7,-1.8,27.1,,
628,예산,1,-2.1,2.8,-6.6,19.6,,
628,예산,2,0.2,5.7,-4.7,25.6,,
628,예산,3,5.4,11.9,-0.2,36.7,,
628,예산,4,11.9,18.7,5.8,67.8,,
628,예산,5,17.9,24.4,12.2,74.0,,
628,예산,6,22.4,28.3,17.6,128.6,,
628,예산,7,25.6,30.1,22.0,270.8,,
628,예산,8,26.2,31.1,22.4,253.0,,
628,예산,9,21.2,26.8,16.5,157.8,,
628,예산,10,14.3,20.9,8.7,52.7,,
628,예산,11,7.2,12.9,2.1,48.0,,
628,예산,12,0.1,5.0,-4.4,23.6,,
634,아산,1,-1.9,2.6,-6.3,16.2,,
634,아산,2,0.2,5.2,-4.3,23.4,,
634,아산,3,5.4,11.5,0.2,31.9,,
634,아산,4,11.7,18.3,6.2,64.5,,
634,아산,5,17.7,24.1,12.6,73.3,,
634,아산,6,22.0,27.8,17.9,105.7,,
634,아산,7,25.2,29.8,22.0,289.3,,
634,아산,8,26.0,30.8,22.5,273.8,,
634,아산,9,21.1,26.5,16.8,144.2,,
634,아산,10,14.5,20.5,9.1,46.9,,
634,아산,11,7.3,12.6,2.4,44.2,,
634,아산,12,0.3,4.8,-4.0,19.5,,
636,계룡,1,-2.6,3.5,-8.6,24.8,,
636,계룡,2,-0.2,6.4,-6.6,35.5,,
636,계룡,3,5.0,12.2,-2.2,47.6,,
636,계룡,4,11.2,18.8,3.8,92.5,,
636,계룡,5,16.8,24.1,9.9,98.8,,
636,계룡,6,21.4,27.7,15.8,162.1,,
636,계룡,7,24.6,29.3,20.9,350.8,,
636,계룡,8,25.3,30.3,21.2,300.6,,
636,계룡,9,20.0,26.2,15.1,149.3,,
636,계룡,10,13.0,20.6,6.6,59.8,,
636,계룡,11,6.1,13.1,0.0,52.2,,
636,계룡,12,-0.7,5.6,-6.5,27.6,,
642,오월드,1,-0.7,4.3,-4.9,22.7,,
642,오월드,2,1.7,7.2,-2.9,35.2,,
642,오월드,3,7.1,13.3,1.5,47.3,,
642,오월드,4,13.3,20.0,7.5,83.6,,
642,오월드,5,19.1,25.5,13.3,85.6,,
642,오월드,6,23.3,28.9,18.6,160.9,,
642,오월드,7,26.0,30.6,22.5,311.5,,
642,오월드,8,26.6,31.4,23.0,307.5,,
642,오월드,9,21.8,27.1,17.6,151.0,,
642,오월드,10,15.2,21.4,10.2,61.3,,
642,오월드,11,8.2,13.7,3.5,48.9,,
642,오월드,12,1.3,6.2,-2.9,25.0,,
643,세천,1,-2.1,3.6,-7.1,20.5,,
643,세천,2,0.4,6.6,-5.1,30.3,,
643,세천,3,5.8,12.6,-0.7,42.8,,
643,세천,4,12.2,19.3,5.3,76.3,,
643,세천,5,17.7,24.7,11.0,79.6,,
643,세천,6,22.0,28.2,16.7,147.9,,
643,세천,7,24.9,29.9,21.2,297.2,,
643,세천,8,25.4,30.6,21.6,278.3,,
643,세천,9,20.4,26.3,15.9,144.2,,
643,세천,10,13.6,20.7,8.0,54.6,,
643,세천,11,6.7,13.1,1.3,43.6,,
643,세천,12,-0.2,5.6,-5.1,24.5,,
648,장동,1,-2.0,3.7,-6.8,19.8,,
648,장동,2,0.7,6.8,-4.6,29.4,,
648,장동,3,6.0,12.7,-0.1,36.4,,
648,장동,4,12.4,19.4,5.8,80.4,,
648,장동,5,18.0,24.8,11.7,82.7,,
648,장동,6,22.3,28.1,17.1,161.7,,
648,장동,7,25.1,29.8,21.5,313.6,,
648,장동,8,25.6,30.6,21.8,260.3,,
648,장동,9,20.6,26.4,16.1,147.4,,
648,장동,10,13.8,20.8,8.4,54.0,,
648,장동,11,7.0,13.2,1.8,38.4,,
648,장동,12,0.1,5.6,-4.6,21.2,,
649,부평,1,-3.3,2.0,-8.2,10.4,,
649,부평,2,-0.7,5.0,-5.9,25.0,,
649,부평,3,5.4,11.9,-0.4,24.6,,
649,부평,4,11.5,18.2,5.4,70.2,,
649,부평,5,17.6,24.8,11.3,73.4,,
649,부평,6,22.4,28.8,17.2,102.9,,
649,부평,7,25.4,30.2,21.8,365.8,,
649,부평,8,26.5,31.6,22.6,218.6,,
649,부평,9,21.1,26.9,16.1,115.3,,
649,부평,10,14.0,20.5,8.3,52.5,,
649,부평,11,6.7,12.1,1.6,68.4,,
649,부평,12,-1.3,3.5,-6.0,15.5,,
652,연천청산,1,-4.7,1.8,-10.5,15.4,,
652,연천청산,2,-1.3,5.1,-7.2,22.7,,
652,연천청산,3,4.8,11.5,-1.6,29.1,,
652,연천청산,4,11.5,18.7,4.6,61.5,,
652,연천청산,5,17.6,24.6,11.2,84.2,,
652,연천청산,6,22.3,28.5,17.0,112.1,,
652,연천청산,7,25.0,29.8,21.3,379.7,,
652,연천청산,8,25.5,30.8,21.5,346.6,,
652,연천청산,9,20.3,26.6,15.2,133.5,,
652,연천청산,10,12.9,20.4,6.9,52.9,,
652,연천청산,11,5.3,11.6,-0.2,44.0,,
652,연천청산,12,-2.6,3.2,-7.8,14.1,,
670,양양,1,0.4,4.5,-3.4,32.9,,
670,양양,2,1.9,6.2,-2.4,35.7,,
670,양양,3,6.5,11.2,1.6,65.6,,
670,양양,4,12.0,17.0,6.8,71.4,,
670,양양,5,17.6,22.6,12.8,70.3,,
670,양양,6,20.6,24.7,16.9,116.7,,
670,양양,7,24.1,27.6,21.2,257.5,,
670,양양,8,24.7,28.4,21.5,265.6,,
670,양양,9,19.8,24.0,16.0,198.9,,
670,양양,10,15.0,19.8,10.6,87.6,,
670,양양,11,8.9,13.2,4.7,81.4,,
670,양양,12,2.1,6.2,-1.7,27.6,,
674,사북,1,-5.8,-1.4,-9.9,16.3,,
674,사북,2,-3.2,1.7,-7.7,34.7,,
674,사북,3,2.4,7.6,-2.4,44.5,,
674,사북,4,8.4,14.2,3.1,85.2,,
674,사북,5,14.9,20.9,9.2,76.1,,
674,사북,6,18.2,24.0,13.3,130.4,,
674,사북,7,21.1,25.3,17.7,300.7,,
674,사북,8,21.2,25.7,17.9,252.4,,
674,사북,9,15.7,20.7,11.9,153.8,,
674,사북,10,10.3,15.5,5.8,86.0,,
674,사북,11,3.9,8.2,-0.1,55.4,,
674,사북,12,-3.9,0.2,-8.0,21.6,,
699,무안,1,0.8,5.0,-3.1,29.6,,
699,무안,2,2.4,7.3,-2.0,41.7,,
699,무안,3,6.4,11.9,1.3,56.4,,
699,무안,4,11.8,17.7,6.2,96.7,,
699,무안,5,17.4,23.3,12.2,96.5,,
699,무안,6,21.7,26.7,17.8,143.6,,
699,무안,7,25.2,29.1,22.2,271.3,,
699,무안,8,26.1,30.5,22.7,249.0,,
699,무안,9,21.6,26.7,17.6,145.4,,
699,무안,10,15.5,21.2,10.4,72.3,,
699,무안,11,9.2,14.3,4.5,47.9,,
699,무안,12,2.8,7.3,-1.1,39.7,,
701,무주,1,-2.6,3.8,-8.2,16.9,,
701,무주,2,0.1,6.8,-6.1,28.0,,
701,무주,3,5.4,12.7,-1.6,45.5,,
701,무주,4,11.4,18.9,4.1,65.6,,
701,무주,5,17.1,24.7,9.8,69.1,,
701,무주,6,21.4,27.9,15.8,105.5,,
701,무주,7,24.4,29.5,20.4,285.1,,
701,무주,8,24.7,30.3,20.6,244.4,,
701,무주,9,19.5,25.6,14.7,129.3,,
701,무주,10,12.7,20.3,6.9,56.3,,
701,무주,11,6.2,13.3,0.4,38.9,,
701,무주,12,-0.8,5.4,-6.2,20.7,,
702,익산,1,-0.4,4.7,-5.3,21.5,,
702,익산,2,1.8,7.4,-3.6,32.3,,
702,익산,3,6.2,12.8,0.4,42.7,,
702,익산,4,12.1,19.1,6.1,76.3,,
702,익산,5,18.0,24.4,12.2,83.1,,
702,익산,6,22.5,28.1,18.1,139.9,,
702,익산,7,25.7,30.2,22.3,271.5,,
702,익산,8,26.2,31.1,22.5,261.3,,
702,익산,9,21.5,27.0,16.9,113.4,,
702,익산,10,14.9,21.4,9.1,48.5,,
702,익산,11,8.2,14.1,2.9,41.4,,
702,익산,12,1.6,6.6,-3.2,25.4,,
703,진안,1,-3.1,3.2,-8.8,27.3,,
703,진안,2,-0.7,6.0,-6.7,34.3,,
703,진안,3,4.2,11.6,-2.4,53.2,,
703,진안,4,10.4,18.0,3.3,82.3,,
703,진안,5,16.0,23.2,9.2,87.9,,
703,진안,6,20.4,26.4,15.2,134.7,,
703,진안,7,23.6,28.2,20.0,317.5,,
703,진안,8,23.7,29.0,20.0,306.9,,
703,진안,9,18.8,25.1,14.3,139.5,,
703,진안,10,12.1,19.8,6.3,61.5,,
703,진안,11,5.6,12.8,-0.2,49.6,,
703,진안,12,-1.0,5.3,-6.5,30.0,,
706,담양,1,0.0,5.5,-4.9,27.2,,
706,담양,2,2.1,8.4,-3.2,39.7,,
706,담양,3,6.5,13.6,0.1,54.6,,
706,담양,4,12.4,19.7,5.5,89.7,,
706,담양,5,17.7,24.7,11.6,99.3,,
706,담양,6,22.3,27.7,17.7,150.5,,
706,담양,7,25.3,29.5,21.9,286.7,,
706,담양,8,25.8,30.6,22.0,308.3,,
706,담양,9,21.2,27.1,16.7,147.8,,
706,담양,10,14.8,21.9,9.1,64.0,,
706,담양,11,8.4,14.9,2.9,46.4,,
706,담양,12,2.0,7.6,-2.9,29.8,,
708,광산,1,0.4,5.6,-4.1,26.0,,
708,광산,2,2.4,8.4,-2.7,36.8,,
708,광산,3,6.7,13.6,0.7,55.1,,
708,광산,4,12.6,19.7,6.1,83.0,,
708,광산,5,18.1,25.0,12.0,92.9,,
708,광산,6,22.5,28.4,17.8,152.4,,
708,광산,7,26.0,30.4,22.3,259.6,,
708,광산,8,26.7,31.6,22.6,291.9,,
708,광산,9,22.0,27.7,17.3,132.5,,
708,광산,10,15.4,22.2,9.4,58.4,,
708,광산,11,8.8,15.1,3.2,41.2,,
708,광산,12,2.4,7.9,-2.3,30.8,,
709,구례,1,0.0,5.7,-4.9,22.1,,
709,구례,2,2.3,8.9,-3.5,35.5,,
709,구례,3,7.0,14.4,0.4,59.7,,
709,구례,4,13.0,20.7,5.9,80.1,,
709,구례,5,18.3,25.9,11.5,90.6,,
709,구례,6,22.7,28.8,17.6,135.9,,
709,구례,7,25.8,30.8,22.1,305.6,,
709,구례,8,26.3,31.7,22.4,298.5,,
709,구례,9,21.4,28.0,16.9,138.9,,
709,구례,10,14.6,22.6,8.7,60.9,,
709,구례,11,8.1,15.3,2.1,43.7,,
709,구례,12,1.8,7.9,-3.3,24.5,,
710,나주,1,0.3,5.7,-4.2,30.5,,
710,나주,2,2.3,8.5,-2.8,40.3,,
710,나주,3,6.7,13.8,0.7,61.6,,
710,나주,4,12.6,19.9,6.2,86.5,,
710,나주,5,18.0,25.1,12.0,107.4,,
710,나주,6,22.5,28.3,18.0,157.3,,
710,나주,7,25.9,30.4,22.5,274.1,,
710,나주,8,26.4,31.7,22.7,264.4,,
710,나주,9,21.9,27.9,17.5,139.9,,
710,나주,10,15.2,22.4,9.5,66.6,,
710,나주,11,8.7,15.4,3.1,47.4,,
710,나주,12,2.3,8.0,-2.4,34.4,,
712,순천시,1,2.5,7.0,-1.3,21.1,,
712,순천시,2,4.3,9.5,0.1,44.2,,
712,순천시,3,8.5,14.1,3.8,65.8,,
712,순천시,4,14.0,19.5,9.0,118.2,,
712,순천시,5,18.9,24.4,14.1,141.7,,
712,순천시,6,22.4,26.9,18.7,190.4,,
712,순천시,7,25.5,29.4,22.7,307.9,,
712,순천시,8,26.6,30.8,23.5,275.4,,
712,순천시,9,22.6,27.4,18.8,165.6,,
712,순천시,10,16.9,22.5,12.5,67.2,,
712,순천시,11,10.5,15.8,6.2,45.3,,
712,순천시,12,4.4,9.1,0.4,24.6,,
713,광양읍,1,1.9,7.3,-2.7,20.8,,
713,광양읍,2,3.8,9.9,-1.1,41.2,,
713,광양읍,3,8.2,14.6,2.5,68.6,,
713,광양읍,4,13.7,20.2,7.8,108.9,,
713,광양읍,5,18.7,25.2,12.9,132.9,,
713,광양읍,6,22.4,27.9,18.0,177.3,,
713,광양읍,7,25.6,30.1,22.3,308.2,,
713,광양읍,8,26.5,31.5,22.8,289.0,,
713,광양읍,9,22.4,27.9,17.9,145.6,,
713,광양읍,10,16.3,22.9,10.9,66.0,,
713,광양읍,11,9.8,16.2,4.6,43.1,,
713,광양읍,12,3.6,9.3,-1.1,22.7,,
722,조선대,1,1.4,5.6,-2.3,26.8,,
722,조선대,2,3.3,8.3,-0.9,40.8,,
722,조선대,3,7.8,13.6,2.7,55.6,,
722,조선대,4,13.5,19.7,7.9,83.8,,
722,조선대,5,18.7,24.8,13.1,84.7,,
722,조선대,6,22.7,28.1,18.3,140.2,,
722,조선대,7,25.7,29.9,22.6,288.0,,
722,조선대,8,26.4,30.9,22.9,319.2,,
722,조선대,9,22.1,27.4,18.1,152.4,,
722,조선대,10,16.1,22.0,11.4,64.3,,
722,조선대,11,9.8,14.9,5.4,46.3,,
722,조선대,12,3.4,7.8,-0.3,28.8,,
723,거문도,1,5.0,7.5,2.7,29.8,,
723,거문도,2,6.1,9.2,3.7,50.9,,
723,거문도,3,9.4,12.6,6.8,86.6,,
723,거문도,4,13.5,16.7,11.0,107.5,,
723,거문도,5,17.3,20.6,14.8,133.9,,
723,거문도,6,20.7,23.8,18.6,184.6,,
723,거문도,7,24.6,27.4,22.6,216.5,,
723,거문도,8,26.7,29.5,24.7,215.9,,
723,거문도,9,23.4,26.0,21.5,156.1,,
723,거문도,10,18.7,21.5,16.8,76.8,,
723,거문도,11,12.9,15.6,10.7,48.7,,
723,거문도,12,7.3,9.8,5.0,30.9,,
724,추자도,1,5.0,7.2,2.8,27.2,,
724,추자도,2,5.7,8.4,3.3,40.3,,
724,추자도,3,8.6,11.5,6.0,73.0,,
724,추자도,4,12.5,15.6,10.0,79.6,,
724,추자도,5,16.3,19.4,13.9,92.5,,
724,추자도,6,19.9,22.8,17.8,152.7,,
724,추자도,7,24.3,26.8,22.2,190.3,,
724,추자도,8,26.2,28.9,24.2,201.8,,
724,추자도,9,22.9,25.5,21.1,132.9,,
724,추자도,10,18.4,21.0,16.4,57.9,,
724,추자도,11,12.8,15.3,10.6,46.6,,
724,추자도,12,7.5,9.7,5.1,32.9,,
730,장성,1,-0.4,5.0,-4.9,30.9,,
730,장성,2,1.7,7.8,-3.3,40.0,,
730,장성,3,6.1,13.3,0.1,58.2,,
730,장성,4,12.2,19.6,5.3,86.7,,
730,장성,5,17.5,24.8,11.2,99.2,,
730,장성,6,22.0,28.1,17.2,136.0,,
730,장성,7,25.2,30.0,21.9,294.7,,
730,장성,8,25.7,31.0,22.0,298.5,,
730,장성,9,21.1,27.2,16.7,143.4,,
730,장성,10,14.5,21.7,9.0,64.9,,
730,장성,11,8.1,14.5,2.8,52.2,,
730,장성,12,1.6,7.1,-2.9,35.0,,
731,영암,1,0.7,5.7,-3.6,26.1,,
731,영암,2,2.5,8.3,-2.3,34.0,,
731,영암,3,6.9,13.3,1.1,62.9,,
731,영암,4,12.5,19.2,6.5,87.7,,
731,영암,5,17.9,24.1,12.4,97.7,,
731,영암,6,22.3,27.2,18.3,138.0,,
731,영암,7,25.7,29.8,22.6,230.8,,
731,영암,8,26.5,30.9,22.9,241.9,,
731,영암,9,21.8,27.4,17.5,156.2,,
731,영암,10,15.4,22.1,9.7,61.6,,
731,영암,11,9.1,15.1,3.7,49.3,,
731,영암,12,2.7,8.0,-1.8,32.2,,
732,보성,1,-0.2,5.4,-5.1,24.8,,
732,보성,2,1.8,8.0,-3.7,47.9,,
732,보성,3,6.1,12.9,-0.2,80.3,,
732,보성,4,11.6,18.4,5.0,126.6,,
732,보성,5,16.8,23.2,10.9,151.3,,
732,보성,6,20.7,25.9,16.5,190.3,,
732,보성,7,24.2,28.3,21.1,286.0,,
732,보성,8,25.0,29.7,21.5,312.6,,
732,보성,9,20.5,26.3,16.1,172.3,,
732,보성,10,14.1,21.4,8.1,74.5,,
732,보성,11,7.6,14.5,1.7,48.1,,
732,보성,12,1.7,7.6,-3.7,27.5,,
734,완주,1,-1.0,4.8,-6.2,26.2,,
734,완주,2,1.2,7.6,-4.4,39.3,,
734,완주,3,6.1,13.2,-0.4,47.6,,
734,완주,4,12.2,19.8,5.3,86.5,,
734,완주,5,18.0,25.3,11.4,92.4,,
734,완주,6,22.5,28.8,17.4,150.6,,
734,완주,7,25.9,30.7,22.0,310.4,,
734,완주,8,26.2,31.6,22.2,306.4,,
734,완주,9,21.3,27.6,16.6,115.6,,
734,완주,10,14.5,21.8,8.6,50.9,,
734,완주,11,7.7,14.5,2.1,44.5,,
734,완주,12,1.1,6.9,-4.0,25.7,,
737,김제,1,-0.4,4.3,-4.5,23.1,,
737,김제,2,1.7,7.0,-2.8,29.9,,
737,김제,3,6.1,12.4,1.0,40.6,,
737,김제,4,12.2,18.7,6.7,69.9,,
737,김제,5,18.1,24.3,12.9,78.1,,
737,김제,6,22.4,27.9,18.6,117.4,,
737,김제,7,26.0,30.4,22.7,246.8,,
737,김제,8,26.6,31.4,23.1,240.9,,
737,김제,9,21.7,27.3,17.6,115.7,,
737,김제,10,15.3,21.6,10.1,52.4,,
737,김제,11,8.6,14.1,3.8,45.8,,
737,김제,12,1.8,6.5,-2.4,29.3,,
741,화순,1,0.1,5.6,-4.7,28.6,,
741,화순,2,2.3,8.4,-3.1,40.4,,
741,화순,3,6.8,13.8,0.6,56.9,,
741,화순,4,12.7,20.1,6.0,83.7,,
741,화순,5,18.1,25.3,11.8,90.0,,
741,화순,6,22.3,28.4,17.6,140.9,,
741,화순,7,25.4,30.4,22.1,288.3,,
741,화순,8,26.0,31.7,22.4,296.0,,
741,화순,9,21.7,28.0,17.2,134.3,,
741,화순,10,15.0,22.4,9.3,62.8,,
741,화순,11,8.6,15.2,3.0,55.0,,
741,화순,12,2.2,7.9,-2.6,31.1,,
754,함평,1,0.9,5.8,-3.3,28.8,,
754,함평,2,2.7,8.1,-2.1,36.3,,
754,함평,3,6.7,12.9,1.2,54.9,,
754,함평,4,12.4,18.6,6.4,84.1,,
754,함평,5,17.7,23.9,12.2,93.8,,
754,함평,6,22.2,27.4,18.2,151.4,,
754,함평,7,25.9,29.9,22.6,268.4,,
754,함평,8,26.6,31.3,23.0,240.5,,
754,함평,9,22.1,27.6,17.8,141.0,,
754,함평,10,15.7,22.2,10.2,71.8,,
754,함평,11,9.4,15.2,4.2,47.4,,
754,함평,12,3.0,8.2,-1.4,37.7,,
768,곡성,1,-0.7,5.1,-5.4,25.1,,
768,곡성,2,1.6,8.2,-3.6,39.7,,
768,곡성,3,6.7,13.8,0.4,57.6,,
768,곡성,4,12.6,20.1,5.9,79.7,,
768,곡성,5,18.0,25.2,11.6,85.1,,
768,곡성,6,22.4,28.4,17.4,135.5,,
768,곡성,7,25.4,30.3,21.8,288.3,,
768,곡성,8,25.8,31.2,21.9,321.9,,
768,곡성,9,21.0,27.2,16.6,162.5,,
768,곡성,10,14.3,21.9,8.7,63.8,,
768,곡성,11,7.6,14.7,2.2,45.9,,
768,곡성,12,1.1,7.0,-3.5,27.8,,
782,성판악,1,-0.4,2.8,-3.1,137.1,,
782,성판악,2,1.0,4.7,-2.3,182.4,,
782,성판악,3,4.9,9.0,0.9,258.8,,
782,성판악,4,10.2,14.5,5.9,414.9,,
782,성판악,5,14.7,18.9,10.6,465.9,,
782,성판악,6,17.7,21.4,14.3,451.7,,
782,성판악,7,21.4,24.7,18.5,583.9,,
782,성판악,8,21.6,24.7,18.9,717.0,,
782,성판악,9,17.8,21.1,15.0,581.1,,
782,성판악,10,12.8,16.6,9.3,237.2,,
782,성판악,11,7.4,11.2,4.0,197.5,,
782,성판악,12,1.9,5.2,-1.0,153.5,,
788,풍암,1,0.6,5.6,-3.6,22.3,,
788,풍암,2,2.8,8.5,-2.0,41.1,,
788,풍암,3,7.3,13.9,1.7,55.0,,
788,풍암,4,13.1,20.0,6.9,93.6,,
788,풍암,5,18.9,25.8,12.7,102.7,,
788,풍암,6,23.1,29.0,18.5,126.9,,
788,풍암,7,26.2,30.8,22.9,328.1,,
788,풍암,8,27.1,32.3,23.4,321.6,,
788,풍암,9,22.5,28.3,18.2,148.3,,
788,풍암,10,16.0,22.8,10.6,64.6,,
788,풍암,11,9.5,15.6,4.4,46.1,,
788,풍암,12,2.7,7.9,-1.6,31.1,,
789,압해도,1,1.7,5.4,-1.5,23.5,,
789,압해도,2,2.9,7.1,-0.6,33.6,,
789,압해도,3,6.8,11.6,2.7,53.7,,
789,압해도,4,12.1,17.2,7.9,80.9,,
789,압해도,5,17.4,22.4,13.4,86.5,,
789,압해도,6,21.6,26.0,18.4,121.7,,
789,압해도,7,25.0,28.8,22.4,230.7,,
789,압해도,8,26.4,30.5,23.5,209.4,,
789,압해도,9,22.3,26.7,19.0,141.9,,
789,압해도,10,16.7,21.3,12.7,69.2,,
789,압해도,11,10.4,14.6,6.5,41.6,,
789,압해도,12,4.0,7.7,0.5,32.1,,
801,영양,1,-2.5,4.0,-8.5,19.4,,
801,영양,2,0.1,6.9,-6.2,22.8,,
801,영양,3,5.1,12.1,-1.5,42.2,,
801,영양,4,11.2,18.3,3.8,75.2,,
801,영양,5,16.3,23.6,9.5,78.3,,
801,영양,6,20.0,26.6,14.5,114.5,,
801,영양,7,23.3,28.3,19.5,209.2,,
801,영양,8,23.8,28.9,19.8,208.9,,
801,영양,9,18.7,24.7,14.4,128.4,,
801,영양,10,12.6,19.9,7.2,50.4,,
801,영양,11,6.0,12.9,0.1,30.6,,
801,영양,12,-0.5,6.0,-6.1,16.8,,
810,성주,1,-1.0,5.5,-7.1,15.2,,
810,성주,2,1.7,8.5,-4.9,28.3,,
810,성주,3,6.9,14.2,-0.2,44.6,,
810,성주,4,13.1,20.5,5.6,79.5,,
810,성주,5,18.4,25.6,11.4,82.3,,
810,성주,6,22.5,28.5,17.0,126.7,,
810,성주,7,25.5,30.3,21.6,227.5,,
810,성주,8,25.7,31.1,21.9,249.1,,
810,성주,9,20.7,26.7,16.2,163.5,,
810,성주,10,14.3,21.6,8.4,63.1,,
810,성주,11,7.3,14.5,1.1,29.8,,
810,성주,12,0.6,7.5,-5.3,16.5,,
812,고령,1,-1.1,6.4,-7.4,18.0,,
812,고령,2,1.7,9.2,-5.1,30.2,,
812,고령,3,6.9,14.7,-0.4,47.1,,
812,고령,4,13.0,20.6,5.4,83.9,,
812,고령,5,18.1,25.6,11.1,93.6,,
812,고령,6,22.2,28.3,16.8,144.3,,
812,고령,7,25.2,30.0,21.4,259.8,,
812,고령,8,25.6,30.9,21.6,283.4,,
812,고령,9,20.6,26.7,16.0,161.4,,
812,고령,10,13.9,21.8,8.0,65.0,,
812,고령,11,7.2,15.0,0.8,30.3,,
812,고령,12,0.6,8.1,-5.4,18.4,,
813,청도,1,-1.1,6.1,-6.8,20.1,,
813,청도,2,1.6,8.8,-4.5,29.7,,
813,청도,3,6.9,14.3,0.3,57.0,,
813,청도,4,12.9,20.4,5.9,85.7,,
813,청도,5,18.2,25.6,11.4,95.1,,
813,청도,6,22.1,28.4,16.9,138.1,,
813,청도,7,25.5,30.3,21.6,243.6,,
813,청도,8,25.7,31.2,21.7,255.4,,
813,청도,9,20.6,26.8,16.2,163.3,,
813,청도,10,14.1,21.9,8.2,54.1,,
813,청도,11,7.2,15.1,1.0,34.4,,
813,청도,12,0.8,8.0,-5.0,20.4,,
815,예천,1,-2.3,4.4,-8.1,16.2,,
815,예천,2,0.4,7.4,-5.7,22.8,,
815,예천,3,5.8,13.2,-1.0,41.1,,
815,예천,4,12.1,19.7,4.8,73.6,,
815,예천,5,17.5,25.1,10.5,87.0,,
815,예천,6,21.6,28.3,16.1,130.7,,
815,예천,7,24.5,29.7,20.6,240.9,,
815,예천,8,24.7,30.4,20.8,225.2,,
815,예천,9,19.6,26.1,15.0,127.2,,
815,예천,10,12.9,21.0,7.0,47.7,,
815,예천,11,6.0,13.4,0.0,27.9,,
815,예천,12,-0.6,6.1,-6.1,17.0,,
822,김천,1,-1.4,4.7,-6.8,19.5,,
822,김천,2,1.2,7.8,-4.7,25.3,,
822,김천,3,6.7,14.1,-0.2,43.0,,
822,김천,4,13.0,20.6,5.5,76.7,,
822,김천,5,18.3,26.0,11.0,68.2,,
822,김천,6,22.4,29.1,16.7,118.4,,
822,김천,7,25.5,30.8,21.3,214.2,,
822,김천,8,25.7,31.3,21.5,237.0,,
822,김천,9,20.5,26.8,15.7,154.4,,
822,김천,10,13.8,21.4,7.7,60.5,,
822,김천,11,7.0,14.0,0.9,33.3,,
822,김천,12,0.4,6.6,-5.0,17.7,,
823,군위,1,-2.7,4.2,-8.6,14.4,,
823,군위,2,0.1,7.4,-6.4,20.2,,
823,군위,3,5.6,13.5,-1.5,40.5,,
823,군위,4,12.0,20.1,4.3,70.6,,
823,군위,5,17.5,25.5,10.1,74.1,,
823,군위,6,21.8,28.7,15.9,114.2,,
823,군위,7,24.9,30.5,20.6,197.5,,
823,군위,8,25.2,31.2,20.9,228.1,,
823,군위,9,19.8,26.6,15.1,133.0,,
823,군위,10,12.8,21.0,7.0,51.8,,
823,군위,11,5.8,13.5,-0.3,30.2,,
823,군위,12,-1.0,6.1,-6.7,12.9,,
825,칠곡,1,-0.4,5.4,-5.8,13.5,,
825,칠곡,2,2.0,8.5,-3.9,22.0,,
825,칠곡,3,7.2,14.4,0.6,43.0,,
825,칠곡,4,13.3,20.7,6.2,69.9,,
825,칠곡,5,18.8,26.0,12.2,79.3,,
825,칠곡,6,23.0,28.9,17.9,119.4,,
825,칠곡,7,25.7,30.6,22.0,224.5,,
825,칠곡,8,26.0,31.4,22.2,225.9,,
825,칠곡,9,21.0,27.1,16.5,145.1,,
825,칠곡,10,14.5,21.9,8.7,54.0,,
825,칠곡,11,7.6,14.4,1.8,30.9,,
825,칠곡,12,1.1,7.2,-4.2,14.0,,
827,경산,1,0.5,5.7,-4.0,19.1,,
827,경산,2,3.0,8.7,-2.0,26.9,,
827,경산,3,8.0,14.5,2.5,52.4,,
827,경산,4,14.0,20.8,8.1,77.7,,
827,경산,5,19.4,26.2,13.4,81.9,,
827,경산,6,23.0,29.2,18.2,124.5,,
827,경산,7,26.2,31.3,22.5,218.9,,
827,경산,8,26.7,32.0,22.9,231.1,,
827,경산,9,21.7,27.3,17.5,151.9,,
827,경산,10,15.7,22.2,10.5,53.8,,
827,경산,11,8.8,14.9,3.6,33.4,,
827,경산,12,2.2,7.6,-2.4,20.1,,
828,달성,1,0.6,6.6,-4.2,16.6,,
828,달성,2,3.1,9.5,-2.2,28.2,,
828,달성,3,8.1,15.0,2.0,50.5,,
828,달성,4,14.0,21.1,7.4,76.2,,
828,달성,5,19.2,26.4,13.0,83.4,,
828,달성,6,23.2,29.3,18.2,130.0,,
828,달성,7,26.1,31.1,22.4,232.3,,
828,달성,8,26.5,32.1,22.7,258.4,,
828,달성,9,21.7,27.7,17.5,143.0,,
828,달성,10,15.6,22.5,10.4,55.0,,
828,달성,11,8.7,15.3,3.4,32.3,,
828,달성,12,2.4,8.3,-2.7,16.7,,
846,대구서구,1,0.8,5.6,-3.5,16.8,,
846,대구서구,2,3.3,8.6,-1.6,25.5,,
846,대구서구,3,8.5,14.3,3.0,48.3,,
846,대구서구,4,14.5,20.7,8.7,69.1,,
846,대구서구,5,19.9,26.2,14.0,75.8,,
846,대구서구,6,23.5,29.1,18.8,127.1,,
846,대구서구,7,26.3,31.0,22.7,224.1,,
846,대구서구,8,26.9,31.8,23.2,255.5,,
846,대구서구,9,22.1,27.1,18.0,158.3,,
846,대구서구,10,16.2,21.8,11.4,57.4,,
846,대구서구,11,9.3,14.6,4.4,31.8,,
846,대구서구,12,2.5,7.4,-1.9,17.5,,
860,신암,1,1.1,5.9,-2.9,18.6,51.4,195.5
860,신암,2,3.5,8.8,-1.1,25.4,49.8,188.6
860,신암,3,8.4,14.2,3.3,49.0,49.8,210.8
860,신암,4,14.5,20.6,8.8,70.6,50.8,220.2
860,신암,5,19.7,25.7,14.1,77.9,55.8,232.6
860,신암,6,23.4,28.7,18.8,129.2,63.8,175.1
860,신암,7,26.3,30.8,22.8,223.9,71.7,153.0
860,신암,8,26.7,31.3,23.1,245.3,72.2,156.6
860,신암,9,22.1,27.0,18.0,142.4,69.3,164.0
860,신암,10,16.2,22.0,11.4,50.1,62.6,206.2
860,신암,11,9.4,14.9,4.8,29.7,58.2,183.9
860,신암,12,3.0,7.9,-1.2,18.7,53.3,189.4
864,완산,1,0.0,4.8,-4.3,26.9,66.8,151.2
864,완산,2,2.0,7.5,-2.8,36.8,63.5,162.3
864,완산,3,6.8,13.0,1.4,53.7,60.9,191.7
864,완산,4,12.9,19.7,6.9,78.4,59.1,209.7
864,완산,5,18.5,25.0,12.7,82.8,63.2,220.5
864,완산,6,22.8,28.4,18.2,159.0,70.6,168.1
864,완산,7,26.2,30.6,22.7,302.8,77.5,133.1
864,완산,8,26.5,31.3,22.9,289.6,76.9,153.1
864,완산,9,21.9,27.4,17.4,128.2,73.4,169.6
864,완산,10,15.4,21.7,10.1,57.3,69.4,198.7
864,완산,11,8.8,14.4,3.9,49.8,67.4,158.1
864,완산,12,2.2,7.1,-2.1,34.0,67.6,142.9
876,삼척,1,1.4,5.7,-2.3,38.6,,
876,삼척,2,2.9,7.2,-1.1,41.1,,
876,삼척,3,7.1,11.6,2.7,60.0,,
876,삼척,4,12.5,17.2,7.8,72.1,,
876,삼척,5,17.5,22.3,13.1,52.2,,
876,삼척,6,20.6,24.6,17.1,98.7,,
876,삼척,7,24.1,27.6,21.3,255.0,,
876,삼척,8,25.0,28.7,22.0,217.1,,
876,삼척,9,20.3,24.2,16.9,224.9,,
876,삼척,10,15.5,20.0,11.4,111.3,,
876,삼척,11,9.6,14.1,5.4,62.4,,
876,삼척,12,3.2,7.7,-0.7,24.8,,
901,울기,1,3.3,7.6,-0.3,36.0,,
901,울기,2,5.1,9.4,1.5,41.9,,
901,울기,3,8.7,12.8,5.3,65.1,,
901,울기,4,12.9,16.7,10.0,89.5,,
901,울기,5,16.5,20.2,14.1,102.0,,
901,울기,6,19.7,22.9,17.7,137.4,,
901,울기,7,22.4,25.4,20.4,201.0,,
901,울기,8,24.7,27.6,22.7,172.4,,
901,울기,9,22.0,24.9,19.9,165.7,,
901,울기,10,17.6,21.3,14.7,76.1,,
901,울기,11,11.7,15.7,8.3,56.0,,
901,울기,12,5.5,9.7,1.7,26.1,,
907,삼천포,1,2.7,6.8,-1.0,25.6,,
907,삼천포,2,4.5,8.9,0.6,44.7,,
907,삼천포,3,8.5,12.9,4.6,76.4,,
907,삼천포,4,13.5,17.9,9.7,122.1,,
907,삼천포,5,18.1,22.4,14.7,139.1,,
907,삼천포,6,21.4,25.2,18.8,186.3,,
907,삼천포,7,24.8,28.2,22.5,295.0,,
907,삼천포,8,26.4,30.1,23.7,237.4,,
907,삼천포,9,22.9,27.0,19.7,171.5,,
907,삼천포,10,17.6,22.2,13.7,77.4,,
907,삼천포,11,11.3,15.6,7.1,45.9,,
907,삼천포,12,4.9,9.1,1.0,24.9,,
910,영도,1,3.5,7.2,0.1,30.6,,
910,영도,2,5.2,9.0,1.9,38.9,,
910,영도,3,8.8,12.3,5.5,70.7,,
910,영도,4,12.9,16.2,10.0,119.4,,
910,영도,5,16.7,20.1,14.1,114.7,,
910,영도,6,19.9,23.0,17.7,154.1,,
910,영도,7,23.1,25.8,21.1,264.9,,
910,영도,8,25.1,28.1,23.0,199.3,,
910,영도,9,22.1,25.1,19.8,142.8,,
910,영도,10,17.5,21.2,14.7,77.1,,
910,영도,11,11.9,15.4,8.4,42.4,,
910,영도,12,5.7,9.2,2.1,30.7,,
918,고성,1,1.6,7.6,-3.7,26.2,,
918,고성,2,3.7,9.8,-1.9,43.2,,
918,고성,3,7.9,13.9,2.0,84.5,,
918,고성,4,13.1,19.0,7.4,133.2,,
918,고성,5,18.1,23.8,13.1,149.7,,
918,고성,6,21.8,26.6,18.1,176.8,,
918,고성,7,25.5,29.3,22.5,304.0,,
918,고성,8,26.8,31.1,23.2,239.5,,
918,고성,9,22.2,27.4,17.9,161.8,,
918,고성,10,16.4,22.8,10.8,81.5,,
918,고성,11,9.8,16.2,4.1,44.4,,
918,고성,12,3.6,9.7,-1.9,25.6,,
919,창녕,1,-0.6,6.5,-6.7,18.2,,
919,창녕,2,2.1,9.5,-4.5,29.5,,
919,창녕,3,7.3,15.0,0.0,53.9,,
919,창녕,4,13.3,21.0,5.6,82.5,,
919,창녕,5,18.7,26.4,11.5,89.4,,
919,창녕,6,23.0,29.3,17.8,128.8,,
919,창녕,7,26.1,31.0,22.3,235.4,,
919,창녕,8,26.5,32.0,22.4,275.9,,
919,창녕,9,21.5,27.7,16.7,164.1,,
919,창녕,10,15.0,22.7,8.8,59.9,,
919,창녕,11,7.7,15.5,1.5,34.6,,
919,창녕,12,1.1,8.4,-4.8,20.4,,
920,함안,1,-0.7,7.5,-7.0,23.7,,
920,함안,2,2.1,10.4,-4.7,38.8,,
920,함안,3,7.1,15.4,-0.2,64.6,,
920,함안,4,13.0,21.2,5.4,89.1,,
920,함안,5,18.4,26.2,11.5,98.2,,
920,함안,6,22.3,28.8,17.3,138.8,,
920,함안,7,25.6,30.8,21.7,258.4,,
920,함안,8,26.1,31.8,21.9,253.6,,
920,함안,9,21.0,27.8,16.4,178.4,,
920,함안,10,14.4,22.9,8.3,69.1,,
920,함안,11,7.6,16.0,1.0,40.8,,
920,함안,12,1.0,9.2,-5.3,23.6,,
921,가덕도,1,3.7,7.4,0.6,26.9,,
921,가덕도,2,5.4,9.4,2.0,36.4,,
921,가덕도,3,8.9,13.2,5.6,66.1,,
921,가덕도,4,13.2,17.5,10.2,100.5,,
921,가덕도,5,17.3,21.5,14.5,98.1,,
921,가덕도,6,20.5,24.1,18.2,128.3,,
921,가덕도,7,24.0,27.3,21.8,230.6,,
921,가덕도,8,25.9,29.4,23.5,167.7,,
921,가덕도,9,22.5,26.2,20.0,127.3,,
921,가덕도,10,17.9,21.9,15.1,66.3,,
921,가덕도,11,12.0,15.8,8.9,41.5,,
921,가덕도,12,5.9,9.5,2.7,28.3,,
923,기장,1,2.9,8.1,-1.9,39.3,,
923,기장,2,4.7,10.0,-0.4,51.7,,
923,기장,3,8.5,13.8,3.3,86.4,,
923,기장,4,13.4,18.5,8.1,130.0,,
923,기장,5,17.7,22.6,12.9,148.5,,
923,기장,6,20.9,25.1,17.2,174.8,,
923,기장,7,24.5,28.4,21.5,283.1,,
923,기장,8,25.9,29.8,22.7,209.7,,
923,기장,9,21.9,25.9,18.6,167.4,,
923,기장,10,16.9,21.9,12.3,79.9,,
923,기장,11,10.7,16.2,5.7,49.6,,
923,기장,12,4.8,10.2,-0.2,31.5,,
924,간절곶,1,3.7,7.8,-0.1,39.6,,
924,간절곶,2,5.4,9.3,1.6,47.3,,
924,간절곶,3,8.9,12.5,5.3,75.5,,
924,간절곶,4,13.0,16.2,9.9,112.1,,
924,간절곶,5,16.6,19.7,14.0,127.3,,
924,간절곶,6,19.7,22.3,17.7,150.6,,
924,간절곶,7,22.5,25.1,20.4,239.3,,
924,간절곶,8,25.0,27.4,22.7,186.8,,
924,간절곶,9,22.2,24.8,19.8,189.1,,
924,간절곶,10,17.8,21.2,14.4,80.8,,
924,간절곶,11,11.9,15.8,8.0,49.8,,
924,간절곶,12,5.8,9.9,1.8,28.9,,
932,하동,1,1.7,7.2,-3.2,24.6,,
932,하동,2,3.8,9.7,-1.5,47.2,,
932,하동,3,8.3,14.5,2.4,81.8,,
932,하동,4,13.8,20.3,7.9,137.0,,
932,하동,5,18.9,25.3,13.2,155.9,,
932,하동,6,22.6,28.1,18.3,194.7,,
932,하동,7,26.0,30.5,22.6,357.7,,
932,하동,8,26.9,31.8,23.1,337.8,,
932,하동,9,22.5,28.0,18.1,185.8,,
932,하동,10,16.3,23.0,10.9,74.3,,
932,하동,11,9.5,16.1,4.2,50.7,,
932,하동,12,3.4,9.3,-1.5,27.6,,
937,해운대,1,3.9,8.5,-0.1,37.4,,
937,해운대,2,5.7,10.3,1.6,52.5,,
937,해운대,3,9.4,13.8,5.2,85.0,,
937,해운대,4,13.8,18.2,9.9,148.8,,
937,해운대,5,17.9,22.3,14.2,155.6,,
937,해운대,6,21.1,24.9,18.1,182.1,,
937,해운대,7,24.4,28.0,21.9,302.0,,
937,해운대,8,26.1,29.8,23.5,205.1,,
937,해운대,9,22.6,26.5,19.7,158.3,,
937,해운대,10,17.9,22.5,14.3,94.4,,
937,해운대,11,12.0,16.8,7.9,53.7,,
937,해운대,12,5.9,10.6,1.6,34.8,,
938,부산진,1,2.7,7.0,-1.0,32.3,,
938,부산진,2,4.8,9.3,0.9,48.1,,
938,부산진,3,9.0,13.5,4.8,87.4,,
938,부산진,4,14.0,18.6,9.9,139.3,,
938,부산진,5,18.8,23.5,14.9,154.8,,
938,부산진,6,22.1,26.2,18.9,180.0,,
938,부산진,7,25.5,29.2,22.8,322.9,,
938,부산진,8,26.9,30.7,24.1,226.9,,
938,부산진,9,22.8,26.8,19.7,160.2,,
938,부산진,10,17.6,22.2,13.9,83.6,,
938,부산진,11,11.2,15.8,7.3,51.9,,
938,부산진,12,4.8,9.0,0.9,34.2,,
940,동래,1,3.1,7.7,-0.8,32.7,,
940,동래,2,5.0,9.8,0.8,48.7,,
940,동래,3,9.1,13.9,4.7,85.9,,
940,동래,4,14.0,19.0,9.7,136.9,,
940,동래,5,18.9,23.9,14.6,143.9,,
940,동래,6,22.1,26.5,18.6,171.8,,
940,동래,7,25.6,29.4,22.7,307.8,,
940,동래,8,26.8,30.8,23.8,230.9,,
940,동래,9,22.6,26.8,19.4,163.8,,
940,동래,10,17.5,22.5,13.4,77.1,,
940,동래,11,11.3,16.3,6.9,51.4,,
940,동래,12,5.1,9.8,0.9,31.8,,
941,북구,1,2.2,6.7,-1.7,28.6,,
941,북구,2,4.3,9.0,0.1,43.7,,
941,북구,3,8.6,13.4,4.2,72.3,,
941,북구,4,13.9,18.8,9.4,119.9,,
941,북구,5,18.7,23.6,14.4,127.3,,
941,북구,6,22.0,26.3,18.5,164.1,,
941,북구,7,25.2,29.0,22.4,291.9,,
941,북구,8,26.4,30.4,23.4,238.5,,
941,북구,9,22.2,26.4,19.0,156.2,,
941,북구,10,16.9,21.8,12.9,77.1,,
941,북구,11,10.5,15.4,6.3,51.2,,
941,북구,12,4.2,8.8,0.1,27.7,,
942,부산남구,1,3.6,7.5,-0.1,32.2,,
942,부산남구,2,5.5,9.6,1.6,47.3,,
942,부산남구,3,9.4,13.5,5.5,88.4,,
942,부산남구,4,14.1,18.2,10.4,143.9,,
942,부산남구,5,18.6,22.6,15.2,153.1,,
942,부산남구,6,21.8,25.2,19.1,180.7,,
942,부산남구,7,25.3,28.5,22.8,313.3,,
942,부산남구,8,27.0,30.2,24.5,217.4,,
942,부산남구,9,23.2,26.4,20.5,162.1,,
942,부산남구,10,18.2,22.2,14.8,86.4,,
942,부산남구,11,12.0,16.1,8.1,54.8,,
942,부산남구,12,5.7,9.6,1.8,34.4,,
949,정자,1,2.9,7.7,-1.7,37.1,,
949,정자,2,4.6,9.5,-0.4,43.6,,
949,정자,3,8.8,13.7,3.3,67.6,,
949,정자,4,13.5,18.6,8.1,110.4,,
949,정자,5,17.7,22.7,13.1,103.3,,
949,정자,6,21.0,25.1,17.3,128.5,,
949,정자,7,24.4,28.5,20.8,246.8,,
949,정자,8,25.8,29.6,22.4,214.0,,
949,정자,9,22.0,25.6,18.5,224.7,,
949,정자,10,16.9,21.7,12.3,80.6,,
949,정자,11,10.9,16.0,5.8,51.9,,
949,정자,12,4.7,9.7,-0.1,26.4,,
